Workbook

Sheet Índice
A1: DOE — SMART PACKAGING LINE
A2: Weight-based kit verification · Capstone · TE Connectivity
A4: ÍNDICE DEL DOCUMENTO
A5: # | B5: Sección | C5: Hoja | D5: Propósito
A6: 0 | B6: Setup | C6: Instructions | D6: Cómo usar este documento
C7: Components | D7: Catálogo de componentes (n=30)
C8: Recipes | D8: Recetas R3, R4, R6
C9: INFO Muestras Componentes | D9: Análisis de potencia
A10: 1 | B10: Documentación | C10: Documentación | D10: Teoría, fórmulas, fuentes de los 10 métodos
A11: 2 | B11: Métodos base | C11: Runs 1.0 20262904 | D11: k=3, déficit absoluto
C12: Runs 1.0 + 3.5 sigma | D12: k=3.5
C13: Runs 1.0 + 6 sigma | D13: k=6 (Six Sigma)
C14: Runs Z score | D14: Déficit normalizado por σ
C15: Runs Z score + 6 sigma | D15: Z-score con k=6
C16: Runs 1.1 | D16: Variante intermedia
A17: 3 | B17: Métodos estadísticos | C17: Runs Mahalanobis | D17: Mahalanobis (1936)
C18: Runs GMM | D18: Gaussian Mixture Model
A19: 5 | B19: Resultados | C19: Results | D19: Métricas detalladas
C20: Comparativa Final | D20: ★ Todos los métodos lado a lado
A21: 6 | B21: Datos adicionales | C21: Future Data 2 pieces missing | D21: Casos con 2 piezas faltantes
C22: Sheet1 | D22: Análisis auxiliar

Sheet Instructions
A1: DOE — SMART PACKAGING LINE INSPECTION
A2: Weight-based kit verification · Capstone · TE Connectivity
A4: COLOR CODE
A5: Yellow cells = inputs you must fill in
A6: Blue text = hardcoded input values
A7: Green text = links / references to other sheets
A8: Black text = formulas (do not edit)
A10: STEP-BY-STEP
A11: 1. COMPONENTS sheet
A12: Weigh 20 individual units of each component (S1, S2, W1, W2, N1, N2).
A13: Enter measured_mean_g and measured_std_g in yellow cells.
A14: This is critical — the model depends on these baselines.
... A50: • This is expected and validates the need for a Phase 2 complementary sensor.

Sheet Components
A1: component_id | B1: description | C1: measured_mean_g | D1: measured_std_g | E1: n_samples | F1: notes
A2: S1 | B2: Component type S1 | C2: 2.7533333 | D2: 0.0066089455 | E2: 30 | F2: Weigh 30 individual units BEFORE DOE
A3: S2 | B3: Component type S2 | C3: 4.036 | D3: 0.013796551 | E3: 30 | F3: Weigh 30 individual units BEFORE DOE
A4: W1 | B4: Component type W1 | C4: 0.99333333 | D4: 0.013978637 | E4: 30 | F4: Weigh 30 individual units BEFORE DOE
A5: W2 | B5: Component type W2 | C5: 4.5626667 | D5: 0.025179813 | E5: 30 | F5: Weigh 30 individual units BEFORE DOE
A6: N1 | B6: Component type N1 | C6: 1.1556667 | D6: 0.027628488 | E6: 30 | F6: Weigh 30 individual units BEFORE DOE
A7: N2 | B7: Component type N2 | C7: 1.3743333 | D7: 0.025145553 | E7: 30 | F7: Weigh 30 individual units BEFORE DOE
A8: PB | B8: Plastic Bag | C8: 0.967 | D8: 0.036345564 | E8: 30 | F8: Weigh 30 individual units BEFORE DOE

Sheet Recipes
A1: recipe_id | B1: components_list | C1: n_components | D1: n_S1 | E1: n_S2 | F1: n_W1 | G1: n_W2 | H1: n_N1 | I1: n_N2 | J1: expected_weight_g | K1: expected_variance | L1: expected_std_g | M1: lower_bound_3s | N1: upper_bound_3s
A2: R3 | B2: PB,S2,W2,N2 | C2: 3 | D2: 0 | E2: 1 | F2: 0 | G2: 1 | H2: 0 | I2: 1 | J2: =D2*Components!$C$2+E2*Components!$C$3+F2*Components!$C$4+G2*Components!$C$5+H2*Components!$C$6+I2*Components!$C$7+Components!$C$8 -> 10.94 | K2: =D2*Components!$D$2^2+E2*Components!$D$3^2+F2*Components!$D$4^2+G2*Components!$D$5^2+H2*Components!$D$6^2+I2*Components!$D$7^2+Components!$D$8^2 -> 0.0027776667 | L2: =SQRT(K2) -> 0.052703574 | M2: =J2-3*L2 -> 10.781889 | N2: =J2+3*L2 -> 11.098111
A3: R4 | B3: PB,S1,W1,N1,S2 | C3: 4 | D3: 1 | E3: 1 | F3: 1 | G3: 0 | H3: 1 | I3: 0 | J3: =D3*Components!$C$2+E3*Components!$C$3+F3*Components!$C$4+G3*Components!$C$5+H3*Components!$C$6+I3*Components!$C$7+Components!$C$8 -> 9.9053333 | K3: =D3*Components!$D$2^2+E3*Components!$D$3^2+F3*Components!$D$4^2+G3*Components!$D$5^2+H3*Components!$D$6^2+I3*Components!$D$7^2+Components!$D$8^2 -> 0.0025137586 | L3: =SQRT(K3) -> 0.050137397 | M3: =J3-3*L3 -> 9.7549211 | N3: =J3+3*L3 -> 10.055746
A4: R6 | B4: PB,S1,W1,W1,N2,N2,N1 | C4: 6 | D4: 1 | E4: 0 | F4: 2 | G4: 0 | H4: 1 | I4: 2 | J4: =D4*Components!$C$2+E4*Components!$C$3+F4*Components!$C$4+G4*Components!$C$5+H4*Components!$C$6+I4*Components!$C$7+Components!$C$8 -> 9.6113333 | K4: =D4*Components!$D$2^2+E4*Components!$D$3^2+F4*Components!$D$4^2+G4*Components!$D$5^2+H4*Components!$D$6^2+I4*Components!$D$7^2+Components!$D$8^2 -> 0.0037834138 | L4: =SQRT(K4) -> 0.061509461 | M4: =J4-3*L4 -> 9.426805 | N4: =J4+3*L4 -> 9.7958617

Sheet INFO Muestras Componentes
A1: Determinación de tamaño de muestra por potencia estadística | F1: Referencias a confirmar
A2: Probabilidad de equivocarte diciendo que dos componentes son diferentes cuando en realidad no lo son (Nivel de significancia, α) | B2: Probabilidad de detectar una diferencia real cuando sí existe (Potencia estadística, 1−β) | C2: Cuántas desviaciones estándar te alejas del centro para capturar el 95% de los datos en una curva normal (Valor crítico de dos colas, z_α/2) | D2: Cuántas desviaciones estándar te alejas del centro para capturar el 80% de los datos en una curva normal (Valor crítico de potencia, z_β) | F2: Montgomery, D.C. & Runger, G.C. (2014). Applied Statistics and Probability for Engineers (6th ed.). Wiley. Capítulo 10 — Inference for Two Samples Sección 10-2: Sample size determination for the two-sample t-test Ahí encuentras exactamente la fórmula n = 2σ²(z_α/2 + z_β)² / δ² con su derivación completa y tablas de OC curves. | G2: Cohen, J. (1988). Statistical Power Analysis for the Behavioral Sciences (2nd ed.). Lawrence Erlbaum. Capítulo 2 — The t-Test for Means Sección 2.2: The effect size index d Sección 2.4: Power tables and sample size determination Es el libro de referencia estándar para power analysis — define formalmente α, β, potencia y el cálculo de n para comparación de medias.
A3: 0.05 | B3: 0.8 | C3: =_xlfn.NORM.S.INV(1 - A3/2) -> 1.959964 | D3: =_xlfn.NORM.S.INV(B3) -> 0.84162123
G4: Si la celda es de este color verde, es modificable
A5: Par que se está comparando | B5: Qué tan separadas están las medias de los dos componentes (Diferencia mínima detectable, δ) | C5: Qué tanto varían juntos los dos componentes (Desviación estándar combinada, σ_pooled) | D5: Número mínimo de muestras (n) | E5: Notes
A6: S1/S2 | B6: =ABS(Components!C2-Components!C3) -> 1.2826667 | C6: =SQRT(((Components!D2^2)+(Components!D3^2))/2) -> 0.010817185 | D6: =ROUNDUP(2 * (C6^2) * ($C$3 + $D$3)^2 / (B6^2), 0) -> 1
A7: S1/W1 | B7: =ABS(Components!C2-Components!C4) -> 1.76 | C7: =SQRT(((Components!D2^2)+(Components!D4^2))/2) -> 0.010933445 | D7: =ROUNDUP(2 * (C7^2) * ($C$3 + $D$3)^2 / (B7^2), 0) -> 1
A8: S1/W2 | B8: =ABS(Components!C2-Components!C5) -> 1.8093333 | C8: =SQRT(((Components!D2^2)+(Components!D5^2))/2) -> 0.018407894 | D8: =ROUNDUP(2 * (C8^2) * ($C$3 + $D$3)^2 / (B8^2), 0) -> 1
A9: S1/N1 | B9: =ABS(Components!C2-Components!C6) -> 1.5976667 | C9: =SQRT(((Components!D2^2)+(Components!D6^2))/2) -> 0.020087452 | D9: =ROUNDUP(2 * (C9^2) * ($C$3 + $D$3)^2 / (B9^2), 0) -> 1
A10: S1/N2 | B10: =ABS(Components!C2-Components!C7) -> 1.379 | C10: =SQRT(((Components!D2^2)+(Components!D7^2))/2) -> 0.018384464 | D10: =ROUNDUP(2 * (C10^2) * ($C$3 + $D$3)^2 / (B10^2), 0) -> 1
A11: S2/W1 | B11: =ABS(Components!C3-Components!C4) -> 3.0426667 | C11: =SQRT(((Components!D3^2)+(Components!D4^2))/2) -> 0.013887893 | D11: =ROUNDUP(2 * (C11^2) * ($C$3 + $D$3)^2 / (B11^2), 0) -> 1
A12: S2/W2 | B12: =ABS(Components!C3-Components!C5) -> 0.52666667 | C12: =SQRT(((Components!D3^2)+(Components!D5^2))/2) -> 0.020302313 | D12: =ROUNDUP(2 * (C12^2) * ($C$3 + $D$3)^2 / (B12^2), 0) -> 1 | E12: Parecido
A13: S2/N1 | B13: =ABS(Components!C3-Components!C6) -> 2.8803333 | C13: =SQRT(((Components!D3^2)+(Components!D6^2))/2) -> 0.021836645 | D13: =ROUNDUP(2 * (C13^2) * ($C$3 + $D$3)^2 / (B13^2), 0) -> 1
A14: S2/N2 | B14: =ABS(Components!C3-Components!C7) -> 2.6616667 | C14: =SQRT(((Components!D3^2)+(Components!D7^2))/2) -> 0.020281071 | D14: =ROUNDUP(2 * (C14^2) * ($C$3 + $D$3)^2 / (B14^2), 0) -> 1
A15: W1/W2 | B15: =ABS(Components!C4-Components!C5) -> 3.5693333 | C15: =SQRT(((Components!D4^2)+(Components!D5^2))/2) -> 0.020364495 | D15: =ROUNDUP(2 * (C15^2) * ($C$3 + $D$3)^2 / (B15^2), 0) -> 1
A16: W1/N1 | B16: =ABS(Components!C4-Components!C6) -> 0.16233333 | C16: =SQRT(((Components!D4^2)+(Components!D6^2))/2) -> 0.02189447 | D16: =ROUNDUP(2 * (C16^2) * ($C$3 + $D$3)^2 / (B16^2), 0) -> 1 | E16: Más parecido
A17: W1/N2 | B17: =ABS(Components!C4-Components!C7) -> 0.381 | C17: =SQRT(((Components!D4^2)+(Components!D7^2))/2) -> 0.020343318 | D17: =ROUNDUP(2 * (C17^2) * ($C$3 + $D$3)^2 / (B17^2), 0) -> 1 | E17: Parecido
A18: W2/N1 | B18: =ABS(Components!C5-Components!C6) -> 3.407 | C18: =SQRT(((Components!D5^2)+(Components!D6^2))/2) -> 0.026432521 | D18: =ROUNDUP(2 * (C18^2) * ($C$3 + $D$3)^2 / (B18^2), 0) -> 1
A19: W2/N2 | B19: =ABS(Components!C5-Components!C7) -> 3.1883333 | C19: =SQRT(((Components!D5^2)+(Components!D7^2))/2) -> 0.025162689 | D19: =ROUNDUP(2 * (C19^2) * ($C$3 + $D$3)^2 / (B19^2), 0) -> 1
A20: N1/N2 | B20: =ABS(Components!C6-Components!C7) -> 0.21866667 | C20: =SQRT(((Components!D6^2)+(Components!D7^2))/2) -> 0.026416209 | D20: =ROUNDUP(2 * (C20^2) * ($C$3 + $D$3)^2 / (B20^2), 0) -> 1 | E20: Parecido
A22: Conclusión
A23: El análisis de determinación de tamaño de muestra por potencia estadística (α = 0.05, potencia = 0.80) aplicado a los 15 pares posibles entre los 6 componentes del sistema indica que el número mínimo de muestras requerido para detectar la diferencia mínima detectable entre cualquier par es n = 1 en todos los casos. El par más difícil de distinguir es W1/N1, con una diferencia mínima detectable de apenas 0.16g y una desviación estándar combinada de 0.02g. A pesar de ser el par más parecido del catálogo, la fórmula sigue arrojando n = 1, lo que confirma que incluso en el caso más desfavorable la diferencia entre medias supera ampliamente el ruido de medición a nivel de componente individual. Por lo tanto, el tamaño de calibración adoptado de n = 30 unidades por componente es estadísticamente conservador, está 30 veces por encima del mínimo requerido. Esto descarta que una calibración insuficiente sea la causa de los errores de identificación observados en la receta R6. La fuente de ambigüedad reside en otro nivel del sistema, no en los datos de calibración.

Sheet Documentación
A1: DOCUMENTACIÓN DE MÉTODOS DE CLASIFICACIÓN
A2: Cada método clasifica kits en dos niveles: L1 (OK/NG) y L2 (componente faltante si NG).
A4: 1. RUNS 1.0 — Z-score clásico con déficit absoluto
A5: Teoría | B5: Método clásico de Statistical Process Control (Shewhart, 1931). El kit es OK si su peso cae dentro de los límites de control μ ± k·σ. Si es NG, identifica la pieza faltante como aquella cuyo peso individual es más cercano al déficit observado.
A6: Fórmula L1 | B6: OK si |w − μ_kit| ≤ k·σ_kit, donde k=3 (3-sigma de Shewhart)
A7: Fórmula L2 | B7: componente_faltante = argmin over i of |déficit − μ_i|, donde déficit = μ_kit − w
A8: Fuente | B8: Shewhart, W.A. (1931). Economic Control of Quality of Manufactured Product. Van Nostrand. Montgomery, D.C. (2009). Introduction to Statistical Quality Control (6th ed.). Wiley. Capítulo 5.
A9: Desempeño | B9: L1: 99.05%, L2: 96.06% (mejor método actual en L2) | F9: → Runs 1.0 20262904
A11: 2. RUNS 1.0 + 3.5 SIGMA — Variante con umbral relajado
A12: Teoría | B12: Misma lógica que Runs 1.0 pero con k=3.5. Reduce falsos positivos a costa de potenciales falsos negativos. Útil cuando el costo de rechazar un kit bueno supera al de aceptar uno defectuoso.
A13: Fórmula L1 | B13: OK si |w − μ_kit| ≤ 3.5·σ_kit
A14: Fórmula L2 | B14: Igual que Runs 1.0
A15: Fuente | B15: Variante práctica del método de Shewhart. No tiene paper específico.
A16: Desempeño | B16: L1: 99.29%, L2: 96.06% | F16: → Runs 1.0 + 3.5 sigma
A18: 3. RUNS 1.0 + 6 SIGMA — Variante Six Sigma estricta
A19: Teoría | B19: Misma lógica con k=6 (Six Sigma). Minimiza falsos positivos hasta 3.4 por millón asumiendo normalidad perfecta. Usado en industrias de alta criticidad.
A20: Fórmula L1 | B20: OK si |w − μ_kit| ≤ 6·σ_kit
A21: Fórmula L2 | B21: Igual que Runs 1.0
A22: Fuente | B22: Harry, M.J., Schroeder, R. (2000). Six Sigma: The Breakthrough Management Strategy. Currency Doubleday. ISBN: 978-0385494373.
A23: Desempeño | B23: L1: 99.52%, L2: 96.06% | F23: → Runs 1.0 + 6 sigma
A25: 4. RUNS Z-SCORE — Déficit normalizado por σ del componente
A26: Teoría | B26: Variante donde la identificación L2 usa la distancia normalizada por la desviación estándar de cada componente. Penaliza componentes con σ pequeño (zona de aceptación más estrecha), lo que sesga la decisión en pares como W1/N1.
A27: Fórmula L1 | B27: OK si |w − μ_kit| ≤ k·σ_kit (mismo que Runs 1.0)
A28: Fórmula L2 | B28: componente_faltante = argmin over i of |déficit − μ_i| / σ_i
A29: Fuente | B29: Aplicación directa de z-score multivariable. Fundamento: Cox, D.R., Snell, E.J. (1989). Analysis of Binary Data (2nd ed.). Chapman & Hall.
A30: Desempeño | B30: L1: 99.05%, L2: 93.64% (peor que Runs 1.0 por la normalización) | F30: → Runs Z score
A32: 5. RUNS MAHALANOBIS — Distancia generalizada con corrección de sesgo
A33: Teoría | B33: Mahalanobis (1936) generalizó el z-score a múltiples variables considerando covarianzas. Con 1 variable, el método se reduce al z-score pero con dos mejoras importantes: (1) umbral calibrado por distribución F de Hotelling en lugar de k=3 arbitrario, (2) corrección de sesgo D² = D₁² − 2P/n para muestras finitas (eq. 4.12 del paper).
A34: Fórmula L1 | B34: D² = (w − μ_kit)² / σ²_kit − 2P/n; OK si D² ≤ T²_crit (Hotelling)
A35: Fórmula L2 | B35: Igual que Runs 1.0 (déficit absoluto)
A36: Fuente | B36: Mahalanobis, P.C. (1936). On the Generalised Distance in Statistics. Proc. Natl. Inst. Sci. India, 2(1), 49-55. Ecuaciones verificadas: 2.1, 4.11, 4.12, 4.31.
A37: Desempeño | B37: L1: 99.05%, L2: 96.06% (igual que Runs 1.0 con 1 variable; mejora estructural al añadir variables) | F37: → Runs Mahalanobis
A39: 6. RUNS GMM — Gaussian Mixture Model con flag AMBIGUOUS
A40: Teoría | B40: Cada hipótesis 'falta componente X' se modela como una distribución Gaussiana propia. Para un kit NG, evalúa la log-likelihood bajo cada hipótesis y normaliza con softmax. Genera probabilidades calibradas y detecta automáticamente kits ambiguos (margen < 0.15) para inspección manual sin reglas ad-hoc.
A41: Fórmula L1 | B41: Igual que Runs 1.0 (k=3)
A42: Fórmula L2 | B42: log L_i = −0.5·((déficit − μ_i)/σ_i)²; P_i = softmax(log L_i); componente = argmax P_i; AMBIGUOUS si P_top1 − P_top2 < 0.15
A43: Fuente | B43: McLachlan, G.J., Peel, D. (2000). Finite Mixture Models. Wiley. ISBN: 978-0471006268. Dempster, Laird, Rubin (1977). EM Algorithm. JRSS B, 39(1), 1-38.
A44: Desempeño | B44: L1: 99.05%, L2: 93.64%; detecta 2 casos AMBIGUOUS automáticamente | F44: → Runs GMM

Sheet Runs Distance + 3 Sigma
A1: 29-04-2026
A2: run_id | B2: execution_order | C2: recipe | D2: condition | E2: missing_component | F2: measured_weight_g | G2: measured_weight_w/PB | H2: notes | I2: expected_weight | J2: expected_std | K2: lower_bound | L2: upper_bound | M2: predicted_OK_NG | N2: L1_correct | O2: deficit | P2: match_S1 | Q2: match_S2 | R2: match_W1 | S2: match_W2 | T2: match_N1 | U2: match_N2 | V2: predicted_missing | W2: L2_correct | X2: 16 errores
A3: 1 | B3: 1 | C3: R3 | D3: OK | E3: NONE | F3: 9.91 | G3: =0.97+F3 -> 10.88 | I3: =VLOOKUP(C3,Recipes!$A$2:$N$4,10,FALSE()) -> 10.94 | J3: =VLOOKUP(C3,Recipes!$A$2:$N$4,12,FALSE()) -> 0.052703574 | K3: =I3-3*J3 -> 10.781889 | L3: =I3+3*J3 -> 11.098111 | M3: =IF(G3="","",IF(AND(G3>=K3,G3<=L3),"OK","NG")) -> OK | N3: =IF(M3="","",IF(M3=D3,1,0)) -> 1 | O3: =IF(G3="","",I3-G3) -> 0.06 | P3: =IF(G3="","",ABS(O3-Components!$C$2)) -> 2.6933333 | Q3: =IF(G3="","",ABS(O3-Components!$C$3)) -> 3.976 | R3: =IF(G3="","",ABS(O3-Components!$C$4)) -> 0.93333333 | S3: =IF(G3="","",ABS(O3-Components!$C$5)) -> 4.5026667 | T3: =IF(G3="","",ABS(O3-Components!$C$6)) -> 1.0956667 | U3: =IF(G3="","",ABS(O3-Components!$C$7)) -> 1.3143333 | V3: =IF(F3="","",IF(M3="OK","NONE",INDEX({"S1","S2","W1","W2","N1","N2"},MATCH(MIN(P3:U3),P3:U3,0)))) -> NONE | W3: =IF(G3="","",IF(V3=E3,1,0)) -> 1
A4: 2 | B4: 1 | C4: R3 | D4: OK | E4: NONE | F4: 10 | G4: =0.97+F4 -> 10.97 | I4: =VLOOKUP(C4,Recipes!$A$2:$N$4,10,FALSE()) -> 10.94 | J4: =VLOOKUP(C4,Recipes!$A$2:$N$4,12,FALSE()) -> 0.052703574 | K4: =I4-3*J4 -> 10.781889 | L4: =I4+3*J4 -> 11.098111 | M4: =IF(G4="","",IF(AND(G4>=K4,G4<=L4),"OK","NG")) -> OK | N4: =IF(M4="","",IF(M4=D4,1,0)) -> 1 | O4: =IF(G4="","",I4-G4) -> -0.03 | P4: =IF(G4="","",ABS(O4-Components!$C$2)) -> 2.7833333 | Q4: =IF(G4="","",ABS(O4-Components!$C$3)) -> 4.066 | R4: =IF(G4="","",ABS(O4-Components!$C$4)) -> 1.0233333 | S4: =IF(G4="","",ABS(O4-Components!$C$5)) -> 4.5926667 | T4: =IF(G4="","",ABS(O4-Components!$C$6)) -> 1.1856667 | U4: =IF(G4="","",ABS(O4-Components!$C$7)) -> 1.4043333 | V4: =IF(F4="","",IF(M4="OK","NONE",INDEX({"S1","S2","W1","W2","N1","N2"},MATCH(MIN(P4:U4),P4:U4,0)))) -> NONE | W4: =IF(G4="","",IF(V4=E4,1,0)) -> 1
A5: 3 | B5: 1 | C5: R3 | D5: OK | E5: NONE | F5: 10 | G5: =0.97+F5 -> 10.97 | I5: =VLOOKUP(C5,Recipes!$A$2:$N$4,10,FALSE()) -> 10.94 | J5: =VLOOKUP(C5,Recipes!$A$2:$N$4,12,FALSE()) -> 0.052703574 | K5: =I5-3*J5 -> 10.781889 | L5: =I5+3*J5 -> 11.098111 | M5: =IF(G5="","",IF(AND(G5>=K5,G5<=L5),"OK","NG")) -> OK | N5: =IF(M5="","",IF(M5=D5,1,0)) -> 1 | O5: =IF(G5="","",I5-G5) -> -0.03 | P5: =IF(G5="","",ABS(O5-Components!$C$2)) -> 2.7833333 | Q5: =IF(G5="","",ABS(O5-Components!$C$3)) -> 4.066 | R5: =IF(G5="","",ABS(O5-Components!$C$4)) -> 1.0233333 | S5: =IF(G5="","",ABS(O5-Components!$C$5)) -> 4.5926667 | T5: =IF(G5="","",ABS(O5-Components!$C$6)) -> 1.1856667 | U5: =IF(G5="","",ABS(O5-Components!$C$7)) -> 1.4043333 | V5: =IF(F5="","",IF(M5="OK","NONE",INDEX({"S1","S2","W1","W2","N1","N2"},MATCH(MIN(P5:U5),P5:U5,0)))) -> NONE | W5: =IF(G5="","",IF(V5=E5,1,0)) -> 1
A6: 4 | B6: 1 | C6: R3 | D6: OK | E6: NONE | F6: 9.91 | G6: =0.97+F6 -> 10.88 | I6: =VLOOKUP(C6,Recipes!$A$2:$N$4,10,FALSE()) -> 10.94 | J6: =VLOOKUP(C6,Recipes!$A$2:$N$4,12,FALSE()) -> 0.052703574 | K6: =I6-3*J6 -> 10.781889 | L6: =I6+3*J6 -> 11.098111 | M6: =IF(G6="","",IF(AND(G6>=K6,G6<=L6),"OK","NG")) -> OK | N6: =IF(M6="","",IF(M6=D6,1,0)) -> 1 | O6: =IF(G6="","",I6-G6) -> 0.06 | P6: =IF(G6="","",ABS(O6-Components!$C$2)) -> 2.6933333 | Q6: =IF(G6="","",ABS(O6-Components!$C$3)) -> 3.976 | R6: =IF(G6="","",ABS(O6-Components!$C$4)) -> 0.93333333 | S6: =IF(G6="","",ABS(O6-Components!$C$5)) -> 4.5026667 | T6: =IF(G6="","",ABS(O6-Components!$C$6)) -> 1.0956667 | U6: =IF(G6="","",ABS(O6-Components!$C$7)) -> 1.3143333 | V6: =IF(F6="","",IF(M6="OK","NONE",INDEX({"S1","S2","W1","W2","N1","N2"},MATCH(MIN(P6:U6),P6:U6,0)))) -> NONE | W6: =IF(G6="","",IF(V6=E6,1,0)) -> 1
A7: 5 | B7: 1 | C7: R3 | D7: OK | E7: NONE | F7: 10.04 | G7: =0.97+F7 -> 11.01 | I7: =VLOOKUP(C7,Recipes!$A$2:$N$4,10,FALSE()) -> 10.94 | J7: =VLOOKUP(C7,Recipes!$A$2:$N$4,12,FALSE()) -> 0.052703574 | K7: =I7-3*J7 -> 10.781889 | L7: =I7+3*J7 -> 11.098111 | M7: =IF(G7="","",IF(AND(G7>=K7,G7<=L7),"OK","NG")) -> OK | N7: =IF(M7="","",IF(M7=D7,1,0)) -> 1 | O7: =IF(G7="","",I7-G7) -> -0.07 | P7: =IF(G7="","",ABS(O7-Components!$C$2)) -> 2.8233333 | Q7: =IF(G7="","",ABS(O7-Components!$C$3)) -> 4.106 | R7: =IF(G7="","",ABS(O7-Components!$C$4)) -> 1.0633333 | S7: =IF(G7="","",ABS(O7-Components!$C$5)) -> 4.6326667 | T7: =IF(G7="","",ABS(O7-Components!$C$6)) -> 1.2256667 | U7: =IF(G7="","",ABS(O7-Components!$C$7)) -> 1.4443333 | V7: =IF(F7="","",IF(M7="OK","NONE",INDEX({"S1","S2","W1","W2","N1","N2"},MATCH(MIN(P7:U7),P7:U7,0)))) -> NONE | W7: =IF(G7="","",IF(V7=E7,1,0)) -> 1
A8: 6 | B8: 1 | C8: R3 | D8: OK | E8: NONE | F8: 9.84 | G8: =0.97+F8 -> 10.81 | I8: =VLOOKUP(C8,Recipes!$A$2:$N$4,10,FALSE()) -> 10.94 | J8: =VLOOKUP(C8,Recipes!$A$2:$N$4,12,FALSE()) -> 0.052703574 | K8: =I8-3*J8 -> 10.781889 | L8: =I8+3*J8 -> 11.098111 | M8: =IF(G8="","",IF(AND(G8>=K8,G8<=L8),"OK","NG")) -> OK | N8: =IF(M8="","",IF(M8=D8,1,0)) -> 1 | O8: =IF(G8="","",I8-G8) -> 0.13 | P8: =IF(G8="","",ABS(O8-Components!$C$2)) -> 2.6233333 | Q8: =IF(G8="","",ABS(O8-Components!$C$3)) -> 3.906 | R8: =IF(G8="","",ABS(O8-Components!$C$4)) -> 0.86333333 | S8: =IF(G8="","",ABS(O8-Components!$C$5)) -> 4.4326667 | T8: =IF(G8="","",ABS(O8-Components!$C$6)) -> 1.0256667 | U8: =IF(G8="","",ABS(O8-Components!$C$7)) -> 1.2443333 | V8: =IF(F8="","",IF(M8="OK","NONE",INDEX({"S1","S2","W1","W2","N1","N2"},MATCH(MIN(P8:U8),P8:U8,0)))) -> NONE | W8: =IF(G8="","",IF(V8=E8,1,0)) -> 1
A9: 7 | B9: 1 | C9: R3 | D9: OK | E9: NONE | F9: 9.9 | G9: =0.97+F9 -> 10.87 | I9: =VLOOKUP(C9,Recipes!$A$2:$N$4,10,FALSE()) -> 10.94 | J9: =VLOOKUP(C9,Recipes!$A$2:$N$4,12,FALSE()) -> 0.052703574 | K9: =I9-3*J9 -> 10.781889 | L9: =I9+3*J9 -> 11.098111 | M9: =IF(G9="","",IF(AND(G9>=K9,G9<=L9),"OK","NG")) -> OK | N9: =IF(M9="","",IF(M9=D9,1,0)) -> 1 | O9: =IF(G9="","",I9-G9) -> 0.07 | P9: =IF(G9="","",ABS(O9-Components!$C$2)) -> 2.6833333 | Q9: =IF(G9="","",ABS(O9-Components!$C$3)) -> 3.966 | R9: =IF(G9="","",ABS(O9-Components!$C$4)) -> 0.92333333 | S9: =IF(G9="","",ABS(O9-Components!$C$5)) -> 4.4926667 | T9: =IF(G9="","",ABS(O9-Components!$C$6)) -> 1.0856667 | U9: =IF(G9="","",ABS(O9-Components!$C$7)) -> 1.3043333 | V9: =IF(F9="","",IF(M9="OK","NONE",INDEX({"S1","S2","W1","W2","N1","N2"},MATCH(MIN(P9:U9),P9:U9,0)))) -> NONE | W9: =IF(G9="","",IF(V9=E9,1,0)) -> 1
A10: 8 | B10: 1 | C10: R3 | D10: OK | E10: NONE | F10: 9.92 | G10: =0.97+F10 -> 10.89 | I10: =VLOOKUP(C10,Recipes!$A$2:$N$4,10,FALSE()) -> 10.94 | J10: =VLOOKUP(C10,Recipes!$A$2:$N$4,12,FALSE()) -> 0.052703574 | K10: =I10-3*J10 -> 10.781889 | L10: =I10+3*J10 -> 11.098111 | M10: =IF(G10="","",IF(AND(G10>=K10,G10<=L10),"OK","NG")) -> OK | N10: =IF(M10="","",IF(M10=D10,1,0)) -> 1 | O10: =IF(G10="","",I10-G10) -> 0.05 | P10: =IF(G10="","",ABS(O10-Components!$C$2)) -> 2.7033333 | Q10: =IF(G10="","",ABS(O10-Components!$C$3)) -> 3.986 | R10: =IF(G10="","",ABS(O10-Components!$C$4)) -> 0.94333333 | S10: =IF(G10="","",ABS(O10-Components!$C$5)) -> 4.5126667 | T10: =IF(G10="","",ABS(O10-Components!$C$6)) -> 1.1056667 | U10: =IF(G10="","",ABS(O10-Components!$C$7)) -> 1.3243333 | V10: =IF(F10="","",IF(M10="OK","NONE",INDEX({"S1","S2","W1","W2","N1","N2"},MATCH(MIN(P10:U10),P10:U10,0)))) -> NONE | W10: =IF(G10="","",IF(V10=E10,1,0)) -> 1
A11: 9 | B11: 1 | C11: R3 | D11: OK | E11: NONE | F11: 9.95 | G11: =0.97+F11 -> 10.92 | I11: =VLOOKUP(C11,Recipes!$A$2:$N$4,10,FALSE()) -> 10.94 | J11: =VLOOKUP(C11,Recipes!$A$2:$N$4,12,FALSE()) -> 0.052703574 | K11: =I11-3*J11 -> 10.781889 | L11: =I11+3*J11 -> 11.098111 | M11: =IF(G11="","",IF(AND(G11>=K11,G11<=L11),"OK","NG")) -> OK | N11: =IF(M11="","",IF(M11=D11,1,0)) -> 1 | O11: =IF(G11="","",I11-G11) -> 0.02 | P11: =IF(G11="","",ABS(O11-Components!$C$2)) -> 2.7333333 | Q11: =IF(G11="","",ABS(O11-Components!$C$3)) -> 4.016 | R11: =IF(G11="","",ABS(O11-Components!$C$4)) -> 0.97333333 | S11: =IF(G11="","",ABS(O11-Components!$C$5)) -> 4.5426667 | T11: =IF(G11="","",ABS(O11-Components!$C$6)) -> 1.1356667 | U11: =IF(G11="","",ABS(O11-Components!$C$7)) -> 1.3543333 | V11: =IF(F11="","",IF(M11="OK","NONE",INDEX({"S1","S2","W1","W2","N1","N2"},MATCH(MIN(P11:U11),P11:U11,0)))) -> NONE | W11: =IF(G11="","",IF(V11=E11,1,0)) -> 1
A12: 10 | B12: 1 | C12: R3 | D12: OK | E12: NONE | F12: 9.87 | G12: =0.97+F12 -> 10.84 | I12: =VLOOKUP(C12,Recipes!$A$2:$N$4,10,FALSE()) -> 10.94 | J12: =VLOOKUP(C12,Recipes!$A$2:$N$4,12,FALSE()) -> 0.052703574 | K12: =I12-3*J12 -> 10.781889 | L12: =I12+3*J12 -> 11.098111 | M12: =IF(G12="","",IF(AND(G12>=K12,G12<=L12),"OK","NG")) -> OK | N12: =IF(M12="","",IF(M12=D12,1,0)) -> 1 | O12: =IF(G12="","",I12-G12) -> 0.1 | P12: =IF(G12="","",ABS(O12-Components!$C$2)) -> 2.6533333 | Q12: =IF(G12="","",ABS(O12-Components!$C$3)) -> 3.936 | R12: =IF(G12="","",ABS(O12-Components!$C$4)) -> 0.89333333 | S12: =IF(G12="","",ABS(O12-Components!$C$5)) -> 4.4626667 | T12: =IF(G12="","",ABS(O12-Components!$C$6)) -> 1.0556667 | U12: =IF(G12="","",ABS(O12-Components!$C$7)) -> 1.2743333 | V12: =IF(F12="","",IF(M12="OK","NONE",INDEX({"S1","S2","W1","W2","N1","N2"},MATCH(MIN(P12:U12),P12:U12,0)))) -> NONE | W12: =IF(G12="","",IF(V12=E12,1,0)) -> 1
A13: 11 | B13: 1 | C13: R3 | D13: OK | E13: NONE | F13: 9.88 | G13: =0.97+F13 -> 10.85 | I13: =VLOOKUP(C13,Recipes!$A$2:$N$4,10,FALSE()) -> 10.94 | J13: =VLOOKUP(C13,Recipes!$A$2:$N$4,12,FALSE()) -> 0.052703574 | K13: =I13-3*J13 -> 10.781889 | L13: =I13+3*J13 -> 11.098111 | M13: =IF(G13="","",IF(AND(G13>=K13,G13<=L13),"OK","NG")) -> OK | N13: =IF(M13="","",IF(M13=D13,1,0)) -> 1 | O13: =IF(G13="","",I13-G13) -> 0.09 | P13: =IF(G13="","",ABS(O13-Components!$C$2)) -> 2.6633333 | Q13: =IF(G13="","",ABS(O13-Components!$C$3)) -> 3.946 | R13: =IF(G13="","",ABS(O13-Components!$C$4)) -> 0.90333333 | S13: =IF(G13="","",ABS(O13-Components!$C$5)) -> 4.4726667 | T13: =IF(G13="","",ABS(O13-Components!$C$6)) -> 1.0656667 | U13: =IF(G13="","",ABS(O13-Components!$C$7)) -> 1.2843333 | V13: =IF(F13="","",IF(M13="OK","NONE",INDEX({"S1","S2","W1","W2","N1","N2"},MATCH(MIN(P13:U13),P13:U13,0)))) -> NONE | W13: =IF(G13="","",IF(V13=E13,1,0)) -> 1
A14: 12 | B14: 1 | C14: R3 | D14: OK | E14: NONE | F14: 9.91 | G14: =0.97+F14 -> 10.88 | I14: =VLOOKUP(C14,Recipes!$A$2:$N$4,10,FALSE()) -> 10.94 | J14: =VLOOKUP(C14,Recipes!$A$2:$N$4,12,FALSE()) -> 0.052703574 | K14: =I14-3*J14 -> 10.781889 | L14: =I14+3*J14 -> 11.098111 | M14: =IF(G14="","",IF(AND(G14>=K14,G14<=L14),"OK","NG")) -> OK | N14: =IF(M14="","",IF(M14=D14,1,0)) -> 1 | O14: =IF(G14="","",I14-G14) -> 0.06 | P14: =IF(G14="","",ABS(O14-Components!$C$2)) -> 2.6933333 | Q14: =IF(G14="","",ABS(O14-Components!$C$3)) -> 3.976 | R14: =IF(G14="","",ABS(O14-Components!$C$4)) -> 0.93333333 | S14: =IF(G14="","",ABS(O14-Components!$C$5)) -> 4.5026667 | T14: =IF(G14="","",ABS(O14-Components!$C$6)) -> 1.0956667 | U14: =IF(G14="","",ABS(O14-Components!$C$7)) -> 1.3143333 | V14: =IF(F14="","",IF(M14="OK","NONE",INDEX({"S1","S2","W1","W2","N1","N2"},MATCH(MIN(P14:U14),P14:U14,0)))) -> NONE | W14: =IF(G14="","",IF(V14=E14,1,0)) -> 1
... A122: 120 | B122: 4 | C122: R3 | D122: NG | E122: N2 | F122: 8.59 | G122: =0.97+F122 -> 9.56 | I122: =VLOOKUP(C122,Recipes!$A$2:$N$4,10,FALSE()) -> 10.94 | J122: =VLOOKUP(C122,Recipes!$A$2:$N$4,12,FALSE()) -> 0.052703574 | K122: =I122-3*J122 -> 10.781889 | L122: =I122+3*J122 -> 11.098111 | M122: =IF(G122="","",IF(AND(G122>=K122,G122<=L122),"OK","NG")) -> NG | N122: =IF(M122="","",IF(M122=D122,1,0)) -> 1 | O122: =IF(G122="","",I122-G122) -> 1.38 | P122: =IF(G122="","",ABS(O122-Components!$C$2)) -> 1.3733333 | Q122: =IF(G122="","",ABS(O122-Components!$C$3)) -> 2.656 | R122: =IF(G122="","",ABS(O122-Components!$C$4)) -> 0.38666667 | S122: =IF(G122="","",ABS(O122-Components!$C$5)) -> 3.1826667 | T122: =IF(G122="","",ABS(O122-Components!$C$6)) -> 0.22433333 | U122: =IF(G122="","",ABS(O122-Components!$C$7)) -> 0.0056666667 | V122: =IF(F122="","",IF(M122="OK","NONE",INDEX({"S1","S2","W1","W2","N1","N2"},MATCH(MIN(P122:U122),P122:U122,0)))) -> N2 | W122: =IF(G122="","",IF(V122=E122,1,0)) -> 1
A123: 121 | B123: 5 | C123: R4 | D123: OK | E123: NONE | F123: 8.95 | G123: =0.97+F123 -> 9.92 | I123: 9.91 | J123: =VLOOKUP(C123,Recipes!$A$2:$N$4,12,FALSE()) -> 0.050137397 | K123: =I123-3*J123 -> 9.7595878 | L123: =I123+3*J123 -> 10.060412 | M123: =IF(G123="","",IF(AND(G123>=K123,G123<=L123),"OK","NG")) -> OK | N123: =IF(M123="","",IF(M123=D123,1,0)) -> 1 | O123: =IF(G123="","",I123-G123) -> -0.01 | P123: =IF(G123="","",ABS(O123-Components!$C$2)) -> 2.7633333 | Q123: =IF(G123="","",ABS(O123-Components!$C$3)) -> 4.046 | R123: =IF(G123="","",ABS(O123-Components!$C$4)) -> 1.0033333 | S123: =IF(G123="","",ABS(O123-Components!$C$5)) -> 4.5726667 | T123: =IF(G123="","",ABS(O123-Components!$C$6)) -> 1.1656667 | U123: =IF(G123="","",ABS(O123-Components!$C$7)) -> 1.3843333 | V123: =IF(F123="","",IF(M123="OK","NONE",INDEX({"S1","S2","W1","W2","N1","N2"},MATCH(MIN(P123:U123),P123:U123,0)))) -> NONE | W123: =IF(G123="","",IF(V123=E123,1,0)) -> 1
A124: 122 | B124: 5 | C124: R4 | D124: OK | E124: NONE | F124: 8.94 | G124: =0.97+F124 -> 9.91 | I124: 9.91 | J124: =VLOOKUP(C124,Recipes!$A$2:$N$4,12,FALSE()) -> 0.050137397 | K124: =I124-3*J124 -> 9.7595878 | L124: =I124+3*J124 -> 10.060412 | M124: =IF(G124="","",IF(AND(G124>=K124,G124<=L124),"OK","NG")) -> OK | N124: =IF(M124="","",IF(M124=D124,1,0)) -> 1 | O124: =IF(G124="","",I124-G124) -> 0 | P124: =IF(G124="","",ABS(O124-Components!$C$2)) -> 2.7533333 | Q124: =IF(G124="","",ABS(O124-Components!$C$3)) -> 4.036 | R124: =IF(G124="","",ABS(O124-Components!$C$4)) -> 0.99333333 | S124: =IF(G124="","",ABS(O124-Components!$C$5)) -> 4.5626667 | T124: =IF(G124="","",ABS(O124-Components!$C$6)) -> 1.1556667 | U124: =IF(G124="","",ABS(O124-Components!$C$7)) -> 1.3743333 | V124: =IF(F124="","",IF(M124="OK","NONE",INDEX({"S1","S2","W1","W2","N1","N2"},MATCH(MIN(P124:U124),P124:U124,0)))) -> NONE | W124: =IF(G124="","",IF(V124=E124,1,0)) -> 1
A125: 123 | B125: 5 | C125: R4 | D125: OK | E125: NONE | F125: 8.94 | G125: =0.97+F125 -> 9.91 | I125: 9.91 | J125: =VLOOKUP(C125,Recipes!$A$2:$N$4,12,FALSE()) -> 0.050137397 | K125: =I125-3*J125 -> 9.7595878 | L125: =I125+3*J125 -> 10.060412 | M125: =IF(G125="","",IF(AND(G125>=K125,G125<=L125),"OK","NG")) -> OK | N125: =IF(M125="","",IF(M125=D125,1,0)) -> 1 | O125: =IF(G125="","",I125-G125) -> 0 | P125: =IF(G125="","",ABS(O125-Components!$C$2)) -> 2.7533333 | Q125: =IF(G125="","",ABS(O125-Components!$C$3)) -> 4.036 | R125: =IF(G125="","",ABS(O125-Components!$C$4)) -> 0.99333333 | S125: =IF(G125="","",ABS(O125-Components!$C$5)) -> 4.5626667 | T125: =IF(G125="","",ABS(O125-Components!$C$6)) -> 1.1556667 | U125: =IF(G125="","",ABS(O125-Components!$C$7)) -> 1.3743333 | V125: =IF(F125="","",IF(M125="OK","NONE",INDEX({"S1","S2","W1","W2","N1","N2"},MATCH(MIN(P125:U125),P125:U125,0)))) -> NONE | W125: =IF(G125="","",IF(V125=E125,1,0)) -> 1
A126: 124 | B126: 5 | C126: R4 | D126: OK | E126: NONE | F126: 8.89 | G126: =0.97+F126 -> 9.86 | I126: 9.91 | J126: =VLOOKUP(C126,Recipes!$A$2:$N$4,12,FALSE()) -> 0.050137397 | K126: =I126-3*J126 -> 9.7595878 | L126: =I126+3*J126 -> 10.060412 | M126: =IF(G126="","",IF(AND(G126>=K126,G126<=L126),"OK","NG")) -> OK | N126: =IF(M126="","",IF(M126=D126,1,0)) -> 1 | O126: =IF(G126="","",I126-G126) -> 0.05 | P126: =IF(G126="","",ABS(O126-Components!$C$2)) -> 2.7033333 | Q126: =IF(G126="","",ABS(O126-Components!$C$3)) -> 3.986 | R126: =IF(G126="","",ABS(O126-Components!$C$4)) -> 0.94333333 | S126: =IF(G126="","",ABS(O126-Components!$C$5)) -> 4.5126667 | T126: =IF(G126="","",ABS(O126-Components!$C$6)) -> 1.1056667 | U126: =IF(G126="","",ABS(O126-Components!$C$7)) -> 1.3243333 | V126: =IF(F126="","",IF(M126="OK","NONE",INDEX({"S1","S2","W1","W2","N1","N2"},MATCH(MIN(P126:U126),P126:U126,0)))) -> NONE | W126: =IF(G126="","",IF(V126=E126,1,0)) -> 1
A127: 125 | B127: 5 | C127: R4 | D127: OK | E127: NONE | F127: 8.89 | G127: =0.97+F127 -> 9.86 | I127: 9.91 | J127: =VLOOKUP(C127,Recipes!$A$2:$N$4,12,FALSE()) -> 0.050137397 | K127: =I127-3*J127 -> 9.7595878 | L127: =I127+3*J127 -> 10.060412 | M127: =IF(G127="","",IF(AND(G127>=K127,G127<=L127),"OK","NG")) -> OK | N127: =IF(M127="","",IF(M127=D127,1,0)) -> 1 | O127: =IF(G127="","",I127-G127) -> 0.05 | P127: =IF(G127="","",ABS(O127-Components!$C$2)) -> 2.7033333 | Q127: =IF(G127="","",ABS(O127-Components!$C$3)) -> 3.986 | R127: =IF(G127="","",ABS(O127-Components!$C$4)) -> 0.94333333 | S127: =IF(G127="","",ABS(O127-Components!$C$5)) -> 4.5126667 | T127: =IF(G127="","",ABS(O127-Components!$C$6)) -> 1.1056667 | U127: =IF(G127="","",ABS(O127-Components!$C$7)) -> 1.3243333 | V127: =IF(F127="","",IF(M127="OK","NONE",INDEX({"S1","S2","W1","W2","N1","N2"},MATCH(MIN(P127:U127),P127:U127,0)))) -> NONE | W127: =IF(G127="","",IF(V127=E127,1,0)) -> 1
A128: 126 | B128: 5 | C128: R4 | D128: OK | E128: NONE | F128: 8.88 | G128: =0.97+F128 -> 9.85 | I128: 9.91 | J128: =VLOOKUP(C128,Recipes!$A$2:$N$4,12,FALSE()) -> 0.050137397 | K128: =I128-3*J128 -> 9.7595878 | L128: =I128+3*J128 -> 10.060412 | M128: =IF(G128="","",IF(AND(G128>=K128,G128<=L128),"OK","NG")) -> OK | N128: =IF(M128="","",IF(M128=D128,1,0)) -> 1 | O128: =IF(G128="","",I128-G128) -> 0.06 | P128: =IF(G128="","",ABS(O128-Components!$C$2)) -> 2.6933333 | Q128: =IF(G128="","",ABS(O128-Components!$C$3)) -> 3.976 | R128: =IF(G128="","",ABS(O128-Components!$C$4)) -> 0.93333333 | S128: =IF(G128="","",ABS(O128-Components!$C$5)) -> 4.5026667 | T128: =IF(G128="","",ABS(O128-Components!$C$6)) -> 1.0956667 | U128: =IF(G128="","",ABS(O128-Components!$C$7)) -> 1.3143333 | V128: =IF(F128="","",IF(M128="OK","NONE",INDEX({"S1","S2","W1","W2","N1","N2"},MATCH(MIN(P128:U128),P128:U128,0)))) -> NONE | W128: =IF(G128="","",IF(V128=E128,1,0)) -> 1
A129: 127 | B129: 5 | C129: R4 | D129: OK | E129: NONE | F129: 8.91 | G129: =0.97+F129 -> 9.88 | I129: 9.91 | J129: =VLOOKUP(C129,Recipes!$A$2:$N$4,12,FALSE()) -> 0.050137397 | K129: =I129-3*J129 -> 9.7595878 | L129: =I129+3*J129 -> 10.060412 | M129: =IF(G129="","",IF(AND(G129>=K129,G129<=L129),"OK","NG")) -> OK | N129: =IF(M129="","",IF(M129=D129,1,0)) -> 1 | O129: =IF(G129="","",I129-G129) -> 0.03 | P129: =IF(G129="","",ABS(O129-Components!$C$2)) -> 2.7233333 | Q129: =IF(G129="","",ABS(O129-Components!$C$3)) -> 4.006 | R129: =IF(G129="","",ABS(O129-Components!$C$4)) -> 0.96333333 | S129: =IF(G129="","",ABS(O129-Components!$C$5)) -> 4.5326667 | T129: =IF(G129="","",ABS(O129-Components!$C$6)) -> 1.1256667 | U129: =IF(G129="","",ABS(O129-Components!$C$7)) -> 1.3443333 | V129: =IF(F129="","",IF(M129="OK","NONE",INDEX({"S1","S2","W1","W2","N1","N2"},MATCH(MIN(P129:U129),P129:U129,0)))) -> NONE | W129: =IF(G129="","",IF(V129=E129,1,0)) -> 1
A130: 128 | B130: 5 | C130: R4 | D130: OK | E130: NONE | F130: 8.85 | G130: =0.97+F130 -> 9.82 | I130: 9.91 | J130: =VLOOKUP(C130,Recipes!$A$2:$N$4,12,FALSE()) -> 0.050137397 | K130: =I130-3*J130 -> 9.7595878 | L130: =I130+3*J130 -> 10.060412 | M130: =IF(G130="","",IF(AND(G130>=K130,G130<=L130),"OK","NG")) -> OK | N130: =IF(M130="","",IF(M130=D130,1,0)) -> 1 | O130: =IF(G130="","",I130-G130) -> 0.09 | P130: =IF(G130="","",ABS(O130-Components!$C$2)) -> 2.6633333 | Q130: =IF(G130="","",ABS(O130-Components!$C$3)) -> 3.946 | R130: =IF(G130="","",ABS(O130-Components!$C$4)) -> 0.90333333 | S130: =IF(G130="","",ABS(O130-Components!$C$5)) -> 4.4726667 | T130: =IF(G130="","",ABS(O130-Components!$C$6)) -> 1.0656667 | U130: =IF(G130="","",ABS(O130-Components!$C$7)) -> 1.2843333 | V130: =IF(F130="","",IF(M130="OK","NONE",INDEX({"S1","S2","W1","W2","N1","N2"},MATCH(MIN(P130:U130),P130:U130,0)))) -> NONE | W130: =IF(G130="","",IF(V130=E130,1,0)) -> 1
A131: 129 | B131: 5 | C131: R4 | D131: OK | E131: NONE | F131: 8.88 | G131: =0.97+F131 -> 9.85 | I131: 9.91 | J131: =VLOOKUP(C131,Recipes!$A$2:$N$4,12,FALSE()) -> 0.050137397 | K131: =I131-3*J131 -> 9.7595878 | L131: =I131+3*J131 -> 10.060412 | M131: =IF(G131="","",IF(AND(G131>=K131,G131<=L131),"OK","NG")) -> OK | N131: =IF(M131="","",IF(M131=D131,1,0)) -> 1 | O131: =IF(G131="","",I131-G131) -> 0.06 | P131: =IF(G131="","",ABS(O131-Components!$C$2)) -> 2.6933333 | Q131: =IF(G131="","",ABS(O131-Components!$C$3)) -> 3.976 | R131: =IF(G131="","",ABS(O131-Components!$C$4)) -> 0.93333333 | S131: =IF(G131="","",ABS(O131-Components!$C$5)) -> 4.5026667 | T131: =IF(G131="","",ABS(O131-Components!$C$6)) -> 1.0956667 | U131: =IF(G131="","",ABS(O131-Components!$C$7)) -> 1.3143333 | V131: =IF(F131="","",IF(M131="OK","NONE",INDEX({"S1","S2","W1","W2","N1","N2"},MATCH(MIN(P131:U131),P131:U131,0)))) -> NONE | W131: =IF(G131="","",IF(V131=E131,1,0)) -> 1
A132: 130 | B132: 5 | C132: R4 | D132: OK | E132: NONE | F132: 8.87 | G132: =0.97+F132 -> 9.84 | I132: 9.91 | J132: =VLOOKUP(C132,Recipes!$A$2:$N$4,12,FALSE()) -> 0.050137397 | K132: =I132-3*J132 -> 9.7595878 | L132: =I132+3*J132 -> 10.060412 | M132: =IF(G132="","",IF(AND(G132>=K132,G132<=L132),"OK","NG")) -> OK | N132: =IF(M132="","",IF(M132=D132,1,0)) -> 1 | O132: =IF(G132="","",I132-G132) -> 0.07 | P132: =IF(G132="","",ABS(O132-Components!$C$2)) -> 2.6833333 | Q132: =IF(G132="","",ABS(O132-Components!$C$3)) -> 3.966 | R132: =IF(G132="","",ABS(O132-Components!$C$4)) -> 0.92333333 | S132: =IF(G132="","",ABS(O132-Components!$C$5)) -> 4.4926667 | T132: =IF(G132="","",ABS(O132-Components!$C$6)) -> 1.0856667 | U132: =IF(G132="","",ABS(O132-Components!$C$7)) -> 1.3043333 | V132: =IF(F132="","",IF(M132="OK","NONE",INDEX({"S1","S2","W1","W2","N1","N2"},MATCH(MIN(P132:U132),P132:U132,0)))) -> NONE | W132: =IF(G132="","",IF(V132=E132,1,0)) -> 1
A133: 131 | B133: 5 | C133: R4 | D133: OK | E133: NONE | F133: 8.89 | G133: =0.97+F133 -> 9.86 | I133: 9.91 | J133: =VLOOKUP(C133,Recipes!$A$2:$N$4,12,FALSE()) -> 0.050137397 | K133: =I133-3*J133 -> 9.7595878 | L133: =I133+3*J133 -> 10.060412 | M133: =IF(G133="","",IF(AND(G133>=K133,G133<=L133),"OK","NG")) -> OK | N133: =IF(M133="","",IF(M133=D133,1,0)) -> 1 | O133: =IF(G133="","",I133-G133) -> 0.05 | P133: =IF(G133="","",ABS(O133-Components!$C$2)) -> 2.7033333 | Q133: =IF(G133="","",ABS(O133-Components!$C$3)) -> 3.986 | R133: =IF(G133="","",ABS(O133-Components!$C$4)) -> 0.94333333 | S133: =IF(G133="","",ABS(O133-Components!$C$5)) -> 4.5126667 | T133: =IF(G133="","",ABS(O133-Components!$C$6)) -> 1.1056667 | U133: =IF(G133="","",ABS(O133-Components!$C$7)) -> 1.3243333 | V133: =IF(F133="","",IF(M133="OK","NONE",INDEX({"S1","S2","W1","W2","N1","N2"},MATCH(MIN(P133:U133),P133:U133,0)))) -> NONE | W133: =IF(G133="","",IF(V133=E133,1,0)) -> 1
A134: 132 | B134: 5 | C134: R4 | D134: OK | E134: NONE | F134: 8.87 | G134: =0.97+F134 -> 9.84 | I134: 9.91 | J134: =VLOOKUP(C134,Recipes!$A$2:$N$4,12,FALSE()) -> 0.050137397 | K134: =I134-3*J134 -> 9.7595878 | L134: =I134+3*J134 -> 10.060412 | M134: =IF(G134="","",IF(AND(G134>=K134,G134<=L134),"OK","NG")) -> OK | N134: =IF(M134="","",IF(M134=D134,1,0)) -> 1 | O134: =IF(G134="","",I134-G134) -> 0.07 | P134: =IF(G134="","",ABS(O134-Components!$C$2)) -> 2.6833333 | Q134: =IF(G134="","",ABS(O134-Components!$C$3)) -> 3.966 | R134: =IF(G134="","",ABS(O134-Components!$C$4)) -> 0.92333333 | S134: =IF(G134="","",ABS(O134-Components!$C$5)) -> 4.4926667 | T134: =IF(G134="","",ABS(O134-Components!$C$6)) -> 1.0856667 | U134: =IF(G134="","",ABS(O134-Components!$C$7)) -> 1.3043333 | V134: =IF(F134="","",IF(M134="OK","NONE",INDEX({"S1","S2","W1","W2","N1","N2"},MATCH(MIN(P134:U134),P134:U134,0)))) -> NONE | W134: =IF(G134="","",IF(V134=E134,1,0)) -> 1
... A422: 420 | B422: 14 | C422: R6 | D422: NG | E422: N1 | F422: 7.47 | G422: =0.97+F422 -> 8.44 | I422: 9.61 | J422: =VLOOKUP(C422,Recipes!$A$2:$N$4,12,FALSE()) -> 0.061509461 | K422: =I422-3*J422 -> 9.4254716 | L422: =I422+3*J422 -> 9.7945284 | M422: =IF(G422="","",IF(AND(G422>=K422,G422<=L422),"OK","NG")) -> NG | N422: =IF(M422="","",IF(M422=D422,1,0)) -> 1 | O422: =IF(G422="","",I422-G422) -> 1.17 | P422: =IF(G422="","",ABS(O422-Components!$C$2)) -> 1.5833333 | Q422: =IF(G422="","",ABS(O422-Components!$C$3)) -> 2.866 | R422: =IF(G422="","",ABS(O422-Components!$C$4)) -> 0.17666667 | S422: =IF(G422="","",ABS(O422-Components!$C$5)) -> 3.3926667 | T422: =IF(G422="","",ABS(O422-Components!$C$6)) -> 0.014333333 | U422: =IF(G422="","",ABS(O422-Components!$C$7)) -> 0.20433333 | V422: =IF(F422="","",IF(M422="OK","NONE",INDEX({"S1","S2","W1","W2","N1","N2"},MATCH(MIN(P422:U422),P422:U422,0)))) -> N1 | W422: =IF(G422="","",IF(V422=E422,1,0)) -> 1

Sheet Runs Distance 2 + 3 S 20262904
A2: run_id | B2: execution_order | C2: recipe | D2: condition | E2: missing_component | F2: kit_id | G2: measured_weight_g | H2: timestamp | I2: notes | J2: expected_weight | K2: expected_std | L2: lower_bound | M2: upper_bound | N2: predicted_OK_NG | O2: L1_correct | P2: deficit | Q2: match_S1 | R2: match_S2 | S2: match_W1 | T2: match_W2 | U2: match_N1 | V2: match_N2 | W2: predicted_missing | X2: L2_correct
A3: 1 | B3: 31 | C3: R3 | D3: OK | E3: NONE | F3: K001 | G3: 9.91 | J3: =VLOOKUP(C3,Recipes!$A$2:$N$4,10,FALSE()) -> 10.94 | K3: =VLOOKUP(C3,Recipes!$A$2:$N$4,12,FALSE()) -> 0.052703574 | L3: =J3-3*K3 -> 10.781889 | M3: =J3+3*K3 -> 11.098111 | N3: =IF(G3="","",IF(AND(G3>=L3,G3<=M3),"OK","NG")) -> NG | O3: =IF(N3="","",IF(N3=D3,1,0)) -> 0 | P3: =IF(G3="","",J3-G3) -> 1.03 | Q3: =IF(G3="","",ABS(P3-Components!$C$2)) -> 1.7233333 | R3: =IF(G3="","",ABS(P3-Components!$C$3)) -> 3.006 | S3: =IF(G3="","",ABS(P3-Components!$C$4)) -> 0.036666667 | T3: =IF(G3="","",ABS(P3-Components!$C$5)) -> 3.5326667 | U3: =IF(G3="","",ABS(P3-Components!$C$6)) -> 0.12566667 | V3: =IF(G3="","",ABS(P3-Components!$C$7)) -> 0.34433333 | W3: =IF(G3="","",IF(N3="OK","NONE",INDEX({"S1","S2","W1","W2","N1","N2"},MATCH(MIN(Q3:V3),Q3:V3,0)))) -> W1 | X3: =IF(G3="","",IF(W3=E3,1,0)) -> 0
A4: 2 | B4: 24 | C4: R3 | D4: OK | E4: NONE | F4: K002 | G4: 10 | J4: =VLOOKUP(C4,Recipes!$A$2:$N$4,10,FALSE()) -> 10.94 | K4: =VLOOKUP(C4,Recipes!$A$2:$N$4,12,FALSE()) -> 0.052703574 | L4: =J4-3*K4 -> 10.781889 | M4: =J4+3*K4 -> 11.098111 | N4: =IF(G4="","",IF(AND(G4>=L4,G4<=M4),"OK","NG")) -> NG | O4: =IF(N4="","",IF(N4=D4,1,0)) -> 0 | P4: =IF(G4="","",J4-G4) -> 0.94 | Q4: =IF(G4="","",ABS(P4-Components!$C$2)) -> 1.8133333 | R4: =IF(G4="","",ABS(P4-Components!$C$3)) -> 3.096 | S4: =IF(G4="","",ABS(P4-Components!$C$4)) -> 0.053333333 | T4: =IF(G4="","",ABS(P4-Components!$C$5)) -> 3.6226667 | U4: =IF(G4="","",ABS(P4-Components!$C$6)) -> 0.21566667 | V4: =IF(G4="","",ABS(P4-Components!$C$7)) -> 0.43433333 | W4: =IF(G4="","",IF(N4="OK","NONE",INDEX({"S1","S2","W1","W2","N1","N2"},MATCH(MIN(Q4:V4),Q4:V4,0)))) -> W1 | X4: =IF(G4="","",IF(W4=E4,1,0)) -> 0
A5: 3 | B5: 50 | C5: R3 | D5: OK | E5: NONE | F5: K003 | G5: 10 | J5: =VLOOKUP(C5,Recipes!$A$2:$N$4,10,FALSE()) -> 10.94 | K5: =VLOOKUP(C5,Recipes!$A$2:$N$4,12,FALSE()) -> 0.052703574 | L5: =J5-3*K5 -> 10.781889 | M5: =J5+3*K5 -> 11.098111 | N5: =IF(G5="","",IF(AND(G5>=L5,G5<=M5),"OK","NG")) -> NG | O5: =IF(N5="","",IF(N5=D5,1,0)) -> 0 | P5: =IF(G5="","",J5-G5) -> 0.94 | Q5: =IF(G5="","",ABS(P5-Components!$C$2)) -> 1.8133333 | R5: =IF(G5="","",ABS(P5-Components!$C$3)) -> 3.096 | S5: =IF(G5="","",ABS(P5-Components!$C$4)) -> 0.053333333 | T5: =IF(G5="","",ABS(P5-Components!$C$5)) -> 3.6226667 | U5: =IF(G5="","",ABS(P5-Components!$C$6)) -> 0.21566667 | V5: =IF(G5="","",ABS(P5-Components!$C$7)) -> 0.43433333 | W5: =IF(G5="","",IF(N5="OK","NONE",INDEX({"S1","S2","W1","W2","N1","N2"},MATCH(MIN(Q5:V5),Q5:V5,0)))) -> W1 | X5: =IF(G5="","",IF(W5=E5,1,0)) -> 0
A6: 4 | B6: 12 | C6: R3 | D6: OK | E6: NONE | F6: K004 | G6: 9.91 | J6: =VLOOKUP(C6,Recipes!$A$2:$N$4,10,FALSE()) -> 10.94 | K6: =VLOOKUP(C6,Recipes!$A$2:$N$4,12,FALSE()) -> 0.052703574 | L6: =J6-3*K6 -> 10.781889 | M6: =J6+3*K6 -> 11.098111 | N6: =IF(G6="","",IF(AND(G6>=L6,G6<=M6),"OK","NG")) -> NG | O6: =IF(N6="","",IF(N6=D6,1,0)) -> 0 | P6: =IF(G6="","",J6-G6) -> 1.03 | Q6: =IF(G6="","",ABS(P6-Components!$C$2)) -> 1.7233333 | R6: =IF(G6="","",ABS(P6-Components!$C$3)) -> 3.006 | S6: =IF(G6="","",ABS(P6-Components!$C$4)) -> 0.036666667 | T6: =IF(G6="","",ABS(P6-Components!$C$5)) -> 3.5326667 | U6: =IF(G6="","",ABS(P6-Components!$C$6)) -> 0.12566667 | V6: =IF(G6="","",ABS(P6-Components!$C$7)) -> 0.34433333 | W6: =IF(G6="","",IF(N6="OK","NONE",INDEX({"S1","S2","W1","W2","N1","N2"},MATCH(MIN(Q6:V6),Q6:V6,0)))) -> W1 | X6: =IF(G6="","",IF(W6=E6,1,0)) -> 0
A7: 5 | B7: 17 | C7: R3 | D7: OK | E7: NONE | F7: K005 | G7: 10.04 | J7: =VLOOKUP(C7,Recipes!$A$2:$N$4,10,FALSE()) -> 10.94 | K7: =VLOOKUP(C7,Recipes!$A$2:$N$4,12,FALSE()) -> 0.052703574 | L7: =J7-3*K7 -> 10.781889 | M7: =J7+3*K7 -> 11.098111 | N7: =IF(G7="","",IF(AND(G7>=L7,G7<=M7),"OK","NG")) -> NG | O7: =IF(N7="","",IF(N7=D7,1,0)) -> 0 | P7: =IF(G7="","",J7-G7) -> 0.9 | Q7: =IF(G7="","",ABS(P7-Components!$C$2)) -> 1.8533333 | R7: =IF(G7="","",ABS(P7-Components!$C$3)) -> 3.136 | S7: =IF(G7="","",ABS(P7-Components!$C$4)) -> 0.093333333 | T7: =IF(G7="","",ABS(P7-Components!$C$5)) -> 3.6626667 | U7: =IF(G7="","",ABS(P7-Components!$C$6)) -> 0.25566667 | V7: =IF(G7="","",ABS(P7-Components!$C$7)) -> 0.47433333 | W7: =IF(G7="","",IF(N7="OK","NONE",INDEX({"S1","S2","W1","W2","N1","N2"},MATCH(MIN(Q7:V7),Q7:V7,0)))) -> W1 | X7: =IF(G7="","",IF(W7=E7,1,0)) -> 0
A8: 6 | B8: 17 | C8: R3 | D8: OK | E8: NONE | F8: K005 | G8: 9.84 | J8: =VLOOKUP(C8,Recipes!$A$2:$N$4,10,FALSE()) -> 10.94 | K8: =VLOOKUP(C8,Recipes!$A$2:$N$4,12,FALSE()) -> 0.052703574 | L8: =J8-3*K8 -> 10.781889 | M8: =J8+3*K8 -> 11.098111 | N8: =IF(G8="","",IF(AND(G8>=L8,G8<=M8),"OK","NG")) -> NG | O8: =IF(N8="","",IF(N8=D8,1,0)) -> 0 | P8: =IF(G8="","",J8-G8) -> 1.1 | Q8: =IF(G8="","",ABS(P8-Components!$C$2)) -> 1.6533333 | R8: =IF(G8="","",ABS(P8-Components!$C$3)) -> 2.936 | S8: =IF(G8="","",ABS(P8-Components!$C$4)) -> 0.10666667 | T8: =IF(G8="","",ABS(P8-Components!$C$5)) -> 3.4626667 | U8: =IF(G8="","",ABS(P8-Components!$C$6)) -> 0.055666667 | V8: =IF(G8="","",ABS(P8-Components!$C$7)) -> 0.27433333 | W8: =IF(G8="","",IF(N8="OK","NONE",INDEX({"S1","S2","W1","W2","N1","N2"},MATCH(MIN(Q8:V8),Q8:V8,0)))) -> N1 | X8: =IF(G8="","",IF(W8=E8,1,0)) -> 0
A9: 7 | B9: 17 | C9: R3 | D9: OK | E9: NONE | F9: K005 | G9: 9.9 | J9: =VLOOKUP(C9,Recipes!$A$2:$N$4,10,FALSE()) -> 10.94 | K9: =VLOOKUP(C9,Recipes!$A$2:$N$4,12,FALSE()) -> 0.052703574 | L9: =J9-3*K9 -> 10.781889 | M9: =J9+3*K9 -> 11.098111 | N9: =IF(G9="","",IF(AND(G9>=L9,G9<=M9),"OK","NG")) -> NG | O9: =IF(N9="","",IF(N9=D9,1,0)) -> 0 | P9: =IF(G9="","",J9-G9) -> 1.04 | Q9: =IF(G9="","",ABS(P9-Components!$C$2)) -> 1.7133333 | R9: =IF(G9="","",ABS(P9-Components!$C$3)) -> 2.996 | S9: =IF(G9="","",ABS(P9-Components!$C$4)) -> 0.046666667 | T9: =IF(G9="","",ABS(P9-Components!$C$5)) -> 3.5226667 | U9: =IF(G9="","",ABS(P9-Components!$C$6)) -> 0.11566667 | V9: =IF(G9="","",ABS(P9-Components!$C$7)) -> 0.33433333 | W9: =IF(G9="","",IF(N9="OK","NONE",INDEX({"S1","S2","W1","W2","N1","N2"},MATCH(MIN(Q9:V9),Q9:V9,0)))) -> W1 | X9: =IF(G9="","",IF(W9=E9,1,0)) -> 0
A10: 8 | B10: 17 | C10: R3 | D10: OK | E10: NONE | F10: K005 | G10: 9.92 | J10: =VLOOKUP(C10,Recipes!$A$2:$N$4,10,FALSE()) -> 10.94 | K10: =VLOOKUP(C10,Recipes!$A$2:$N$4,12,FALSE()) -> 0.052703574 | L10: =J10-3*K10 -> 10.781889 | M10: =J10+3*K10 -> 11.098111 | N10: =IF(G10="","",IF(AND(G10>=L10,G10<=M10),"OK","NG")) -> NG | O10: =IF(N10="","",IF(N10=D10,1,0)) -> 0 | P10: =IF(G10="","",J10-G10) -> 1.02 | Q10: =IF(G10="","",ABS(P10-Components!$C$2)) -> 1.7333333 | R10: =IF(G10="","",ABS(P10-Components!$C$3)) -> 3.016 | S10: =IF(G10="","",ABS(P10-Components!$C$4)) -> 0.026666667 | T10: =IF(G10="","",ABS(P10-Components!$C$5)) -> 3.5426667 | U10: =IF(G10="","",ABS(P10-Components!$C$6)) -> 0.13566667 | V10: =IF(G10="","",ABS(P10-Components!$C$7)) -> 0.35433333 | W10: =IF(G10="","",IF(N10="OK","NONE",INDEX({"S1","S2","W1","W2","N1","N2"},MATCH(MIN(Q10:V10),Q10:V10,0)))) -> W1 | X10: =IF(G10="","",IF(W10=E10,1,0)) -> 0
A11: 9 | B11: 17 | C11: R3 | D11: OK | E11: NONE | F11: K005 | G11: 9.95 | J11: =VLOOKUP(C11,Recipes!$A$2:$N$4,10,FALSE()) -> 10.94 | K11: =VLOOKUP(C11,Recipes!$A$2:$N$4,12,FALSE()) -> 0.052703574 | L11: =J11-3*K11 -> 10.781889 | M11: =J11+3*K11 -> 11.098111 | N11: =IF(G11="","",IF(AND(G11>=L11,G11<=M11),"OK","NG")) -> NG | O11: =IF(N11="","",IF(N11=D11,1,0)) -> 0 | P11: =IF(G11="","",J11-G11) -> 0.99 | Q11: =IF(G11="","",ABS(P11-Components!$C$2)) -> 1.7633333 | R11: =IF(G11="","",ABS(P11-Components!$C$3)) -> 3.046 | S11: =IF(G11="","",ABS(P11-Components!$C$4)) -> 0.0033333333 | T11: =IF(G11="","",ABS(P11-Components!$C$5)) -> 3.5726667 | U11: =IF(G11="","",ABS(P11-Components!$C$6)) -> 0.16566667 | V11: =IF(G11="","",ABS(P11-Components!$C$7)) -> 0.38433333 | W11: =IF(G11="","",IF(N11="OK","NONE",INDEX({"S1","S2","W1","W2","N1","N2"},MATCH(MIN(Q11:V11),Q11:V11,0)))) -> W1 | X11: =IF(G11="","",IF(W11=E11,1,0)) -> 0
A12: 10 | B12: 17 | C12: R3 | D12: OK | E12: NONE | F12: K005 | G12: 9.87 | J12: =VLOOKUP(C12,Recipes!$A$2:$N$4,10,FALSE()) -> 10.94 | K12: =VLOOKUP(C12,Recipes!$A$2:$N$4,12,FALSE()) -> 0.052703574 | L12: =J12-3*K12 -> 10.781889 | M12: =J12+3*K12 -> 11.098111 | N12: =IF(G12="","",IF(AND(G12>=L12,G12<=M12),"OK","NG")) -> NG | O12: =IF(N12="","",IF(N12=D12,1,0)) -> 0 | P12: =IF(G12="","",J12-G12) -> 1.07 | Q12: =IF(G12="","",ABS(P12-Components!$C$2)) -> 1.6833333 | R12: =IF(G12="","",ABS(P12-Components!$C$3)) -> 2.966 | S12: =IF(G12="","",ABS(P12-Components!$C$4)) -> 0.076666667 | T12: =IF(G12="","",ABS(P12-Components!$C$5)) -> 3.4926667 | U12: =IF(G12="","",ABS(P12-Components!$C$6)) -> 0.085666667 | V12: =IF(G12="","",ABS(P12-Components!$C$7)) -> 0.30433333 | W12: =IF(G12="","",IF(N12="OK","NONE",INDEX({"S1","S2","W1","W2","N1","N2"},MATCH(MIN(Q12:V12),Q12:V12,0)))) -> W1 | X12: =IF(G12="","",IF(W12=E12,1,0)) -> 0
A13: 11 | B13: 17 | C13: R3 | D13: OK | E13: NONE | F13: K005 | G13: 9.88 | J13: =VLOOKUP(C13,Recipes!$A$2:$N$4,10,FALSE()) -> 10.94 | K13: =VLOOKUP(C13,Recipes!$A$2:$N$4,12,FALSE()) -> 0.052703574 | L13: =J13-3*K13 -> 10.781889 | M13: =J13+3*K13 -> 11.098111 | N13: =IF(G13="","",IF(AND(G13>=L13,G13<=M13),"OK","NG")) -> NG | O13: =IF(N13="","",IF(N13=D13,1,0)) -> 0 | P13: =IF(G13="","",J13-G13) -> 1.06 | Q13: =IF(G13="","",ABS(P13-Components!$C$2)) -> 1.6933333 | R13: =IF(G13="","",ABS(P13-Components!$C$3)) -> 2.976 | S13: =IF(G13="","",ABS(P13-Components!$C$4)) -> 0.066666667 | T13: =IF(G13="","",ABS(P13-Components!$C$5)) -> 3.5026667 | U13: =IF(G13="","",ABS(P13-Components!$C$6)) -> 0.095666667 | V13: =IF(G13="","",ABS(P13-Components!$C$7)) -> 0.31433333 | W13: =IF(G13="","",IF(N13="OK","NONE",INDEX({"S1","S2","W1","W2","N1","N2"},MATCH(MIN(Q13:V13),Q13:V13,0)))) -> W1 | X13: =IF(G13="","",IF(W13=E13,1,0)) -> 0
A14: 12 | B14: 17 | C14: R3 | D14: OK | E14: NONE | F14: K005 | G14: 9.91 | J14: =VLOOKUP(C14,Recipes!$A$2:$N$4,10,FALSE()) -> 10.94 | K14: =VLOOKUP(C14,Recipes!$A$2:$N$4,12,FALSE()) -> 0.052703574 | L14: =J14-3*K14 -> 10.781889 | M14: =J14+3*K14 -> 11.098111 | N14: =IF(G14="","",IF(AND(G14>=L14,G14<=M14),"OK","NG")) -> NG | O14: =IF(N14="","",IF(N14=D14,1,0)) -> 0 | P14: =IF(G14="","",J14-G14) -> 1.03 | Q14: =IF(G14="","",ABS(P14-Components!$C$2)) -> 1.7233333 | R14: =IF(G14="","",ABS(P14-Components!$C$3)) -> 3.006 | S14: =IF(G14="","",ABS(P14-Components!$C$4)) -> 0.036666667 | T14: =IF(G14="","",ABS(P14-Components!$C$5)) -> 3.5326667 | U14: =IF(G14="","",ABS(P14-Components!$C$6)) -> 0.12566667 | V14: =IF(G14="","",ABS(P14-Components!$C$7)) -> 0.34433333 | W14: =IF(G14="","",IF(N14="OK","NONE",INDEX({"S1","S2","W1","W2","N1","N2"},MATCH(MIN(Q14:V14),Q14:V14,0)))) -> W1 | X14: =IF(G14="","",IF(W14=E14,1,0)) -> 0
... A115: 113 | B115: 47 | C115: R3 | D115: NG | E115: N2 | F115: K019 | G115: 8.59 | J115: =VLOOKUP(C115,Recipes!$A$2:$N$4,10,FALSE()) -> 10.94 | K115: =VLOOKUP(C115,Recipes!$A$2:$N$4,12,FALSE()) -> 0.052703574 | L115: =J115-3*K115 -> 10.781889 | M115: =J115+3*K115 -> 11.098111 | N115: =IF(G115="","",IF(AND(G115>=L115,G115<=M115),"OK","NG")) -> NG | O115: =IF(N115="","",IF(N115=D115,1,0)) -> 1 | P115: =IF(G115="","",J115-G115) -> 2.35 | Q115: =IF(G115="","",ABS(P115-Components!$C$2)) -> 0.40333333 | R115: =IF(G115="","",ABS(P115-Components!$C$3)) -> 1.686 | S115: =IF(G115="","",ABS(P115-Components!$C$4)) -> 1.3566667 | T115: =IF(G115="","",ABS(P115-Components!$C$5)) -> 2.2126667 | U115: =IF(G115="","",ABS(P115-Components!$C$6)) -> 1.1943333 | V115: =IF(G115="","",ABS(P115-Components!$C$7)) -> 0.97566667 | W115: =IF(G115="","",IF(N115="OK","NONE",INDEX({"S1","S2","W1","W2","N1","N2"},MATCH(MIN(Q115:V115),Q115:V115,0)))) -> S1 | X115: =IF(G115="","",IF(W115=E115,1,0)) -> 0
A116: 114 | B116: 47 | C116: R3 | D116: NG | E116: N2 | F116: K019 | J116: =VLOOKUP(C116,Recipes!$A$2:$N$4,10,FALSE()) -> 10.94 | K116: =VLOOKUP(C116,Recipes!$A$2:$N$4,12,FALSE()) -> 0.052703574 | L116: =J116-3*K116 -> 10.781889 | M116: =J116+3*K116 -> 11.098111 | N116: =IF(G116="","",IF(AND(G116>=L116,G116<=M116),"OK","NG")) | O116: =IF(N116="","",IF(N116=D116,1,0)) | P116: =IF(G116="","",J116-G116) | Q116: =IF(G116="","",ABS(P116-Components!$C$2)) | R116: =IF(G116="","",ABS(P116-Components!$C$3)) | S116: =IF(G116="","",ABS(P116-Components!$C$4)) | T116: =IF(G116="","",ABS(P116-Components!$C$5)) | U116: =IF(G116="","",ABS(P116-Components!$C$6)) | V116: =IF(G116="","",ABS(P116-Components!$C$7)) | W116: =IF(G116="","",IF(N116="OK","NONE",INDEX({"S1","S2","W1","W2","N1","N2"},MATCH(MIN(Q116:V116),Q116:V116,0)))) | X116: =IF(G116="","",IF(W116=E116,1,0))
A117: 115 | B117: 47 | C117: R3 | D117: NG | E117: N2 | F117: K019 | J117: =VLOOKUP(C117,Recipes!$A$2:$N$4,10,FALSE()) -> 10.94 | K117: =VLOOKUP(C117,Recipes!$A$2:$N$4,12,FALSE()) -> 0.052703574 | L117: =J117-3*K117 -> 10.781889 | M117: =J117+3*K117 -> 11.098111 | N117: =IF(G117="","",IF(AND(G117>=L117,G117<=M117),"OK","NG")) | O117: =IF(N117="","",IF(N117=D117,1,0)) | P117: =IF(G117="","",J117-G117) | Q117: =IF(G117="","",ABS(P117-Components!$C$2)) | R117: =IF(G117="","",ABS(P117-Components!$C$3)) | S117: =IF(G117="","",ABS(P117-Components!$C$4)) | T117: =IF(G117="","",ABS(P117-Components!$C$5)) | U117: =IF(G117="","",ABS(P117-Components!$C$6)) | V117: =IF(G117="","",ABS(P117-Components!$C$7)) | W117: =IF(G117="","",IF(N117="OK","NONE",INDEX({"S1","S2","W1","W2","N1","N2"},MATCH(MIN(Q117:V117),Q117:V117,0)))) | X117: =IF(G117="","",IF(W117=E117,1,0))
A118: 116 | B118: 47 | C118: R3 | D118: NG | E118: N2 | F118: K019 | J118: =VLOOKUP(C118,Recipes!$A$2:$N$4,10,FALSE()) -> 10.94 | K118: =VLOOKUP(C118,Recipes!$A$2:$N$4,12,FALSE()) -> 0.052703574 | L118: =J118-3*K118 -> 10.781889 | M118: =J118+3*K118 -> 11.098111 | N118: =IF(G118="","",IF(AND(G118>=L118,G118<=M118),"OK","NG")) | O118: =IF(N118="","",IF(N118=D118,1,0)) | P118: =IF(G118="","",J118-G118) | Q118: =IF(G118="","",ABS(P118-Components!$C$2)) | R118: =IF(G118="","",ABS(P118-Components!$C$3)) | S118: =IF(G118="","",ABS(P118-Components!$C$4)) | T118: =IF(G118="","",ABS(P118-Components!$C$5)) | U118: =IF(G118="","",ABS(P118-Components!$C$6)) | V118: =IF(G118="","",ABS(P118-Components!$C$7)) | W118: =IF(G118="","",IF(N118="OK","NONE",INDEX({"S1","S2","W1","W2","N1","N2"},MATCH(MIN(Q118:V118),Q118:V118,0)))) | X118: =IF(G118="","",IF(W118=E118,1,0))
A119: 117 | B119: 47 | C119: R3 | D119: NG | E119: N2 | F119: K019 | J119: =VLOOKUP(C119,Recipes!$A$2:$N$4,10,FALSE()) -> 10.94 | K119: =VLOOKUP(C119,Recipes!$A$2:$N$4,12,FALSE()) -> 0.052703574 | L119: =J119-3*K119 -> 10.781889 | M119: =J119+3*K119 -> 11.098111 | N119: =IF(G119="","",IF(AND(G119>=L119,G119<=M119),"OK","NG")) | O119: =IF(N119="","",IF(N119=D119,1,0)) | P119: =IF(G119="","",J119-G119) | Q119: =IF(G119="","",ABS(P119-Components!$C$2)) | R119: =IF(G119="","",ABS(P119-Components!$C$3)) | S119: =IF(G119="","",ABS(P119-Components!$C$4)) | T119: =IF(G119="","",ABS(P119-Components!$C$5)) | U119: =IF(G119="","",ABS(P119-Components!$C$6)) | V119: =IF(G119="","",ABS(P119-Components!$C$7)) | W119: =IF(G119="","",IF(N119="OK","NONE",INDEX({"S1","S2","W1","W2","N1","N2"},MATCH(MIN(Q119:V119),Q119:V119,0)))) | X119: =IF(G119="","",IF(W119=E119,1,0))
A120: 118 | B120: 47 | C120: R3 | D120: NG | E120: N2 | F120: K019 | J120: =VLOOKUP(C120,Recipes!$A$2:$N$4,10,FALSE()) -> 10.94 | K120: =VLOOKUP(C120,Recipes!$A$2:$N$4,12,FALSE()) -> 0.052703574 | L120: =J120-3*K120 -> 10.781889 | M120: =J120+3*K120 -> 11.098111 | N120: =IF(G120="","",IF(AND(G120>=L120,G120<=M120),"OK","NG")) | O120: =IF(N120="","",IF(N120=D120,1,0)) | P120: =IF(G120="","",J120-G120) | Q120: =IF(G120="","",ABS(P120-Components!$C$2)) | R120: =IF(G120="","",ABS(P120-Components!$C$3)) | S120: =IF(G120="","",ABS(P120-Components!$C$4)) | T120: =IF(G120="","",ABS(P120-Components!$C$5)) | U120: =IF(G120="","",ABS(P120-Components!$C$6)) | V120: =IF(G120="","",ABS(P120-Components!$C$7)) | W120: =IF(G120="","",IF(N120="OK","NONE",INDEX({"S1","S2","W1","W2","N1","N2"},MATCH(MIN(Q120:V120),Q120:V120,0)))) | X120: =IF(G120="","",IF(W120=E120,1,0))
A121: 119 | B121: 47 | C121: R3 | D121: NG | E121: N2 | F121: K019 | J121: =VLOOKUP(C121,Recipes!$A$2:$N$4,10,FALSE()) -> 10.94 | K121: =VLOOKUP(C121,Recipes!$A$2:$N$4,12,FALSE()) -> 0.052703574 | L121: =J121-3*K121 -> 10.781889 | M121: =J121+3*K121 -> 11.098111 | N121: =IF(G121="","",IF(AND(G121>=L121,G121<=M121),"OK","NG")) | O121: =IF(N121="","",IF(N121=D121,1,0)) | P121: =IF(G121="","",J121-G121) | Q121: =IF(G121="","",ABS(P121-Components!$C$2)) | R121: =IF(G121="","",ABS(P121-Components!$C$3)) | S121: =IF(G121="","",ABS(P121-Components!$C$4)) | T121: =IF(G121="","",ABS(P121-Components!$C$5)) | U121: =IF(G121="","",ABS(P121-Components!$C$6)) | V121: =IF(G121="","",ABS(P121-Components!$C$7)) | W121: =IF(G121="","",IF(N121="OK","NONE",INDEX({"S1","S2","W1","W2","N1","N2"},MATCH(MIN(Q121:V121),Q121:V121,0)))) | X121: =IF(G121="","",IF(W121=E121,1,0))
A122: 120 | B122: 47 | C122: R3 | D122: NG | E122: N2 | F122: K019 | G122: 8.56 | J122: =VLOOKUP(C122,Recipes!$A$2:$N$4,10,FALSE()) -> 10.94 | K122: =VLOOKUP(C122,Recipes!$A$2:$N$4,12,FALSE()) -> 0.052703574 | L122: =J122-3*K122 -> 10.781889 | M122: =J122+3*K122 -> 11.098111 | N122: =IF(G122="","",IF(AND(G122>=L122,G122<=M122),"OK","NG")) -> NG | O122: =IF(N122="","",IF(N122=D122,1,0)) -> 1 | P122: =IF(G122="","",J122-G122) -> 2.38 | Q122: =IF(G122="","",ABS(P122-Components!$C$2)) -> 0.37333333 | R122: =IF(G122="","",ABS(P122-Components!$C$3)) -> 1.656 | S122: =IF(G122="","",ABS(P122-Components!$C$4)) -> 1.3866667 | T122: =IF(G122="","",ABS(P122-Components!$C$5)) -> 2.1826667 | U122: =IF(G122="","",ABS(P122-Components!$C$6)) -> 1.2243333 | V122: =IF(G122="","",ABS(P122-Components!$C$7)) -> 1.0056667 | W122: =IF(G122="","",IF(N122="OK","NONE",INDEX({"S1","S2","W1","W2","N1","N2"},MATCH(MIN(Q122:V122),Q122:V122,0)))) -> S1 | X122: =IF(G122="","",IF(W122=E122,1,0)) -> 0
A123: 121 | B123: 29 | C123: R4 | D123: OK | E123: NONE | F123: K021 | G123: 8.95 | J123: =VLOOKUP(C123,Recipes!$A$2:$N$4,10,FALSE()) -> 9.9053333 | K123: =VLOOKUP(C123,Recipes!$A$2:$N$4,12,FALSE()) -> 0.050137397 | L123: =J123-3*K123 -> 9.7549211 | M123: =J123+3*K123 -> 10.055746 | N123: =IF(G123="","",IF(AND(G123>=L123,G123<=M123),"OK","NG")) -> NG | O123: =IF(N123="","",IF(N123=D123,1,0)) -> 0 | P123: =IF(G123="","",J123-G123) -> 0.95533333 | Q123: =IF(G123="","",ABS(P123-Components!$C$2)) -> 1.798 | R123: =IF(G123="","",ABS(P123-Components!$C$3)) -> 3.0806667 | S123: =IF(G123="","",ABS(P123-Components!$C$4)) -> 0.038 | T123: =IF(G123="","",ABS(P123-Components!$C$5)) -> 3.6073333 | U123: =IF(G123="","",ABS(P123-Components!$C$6)) -> 0.20033333 | V123: =IF(G123="","",ABS(P123-Components!$C$7)) -> 0.419 | W123: =IF(G123="","",IF(N123="OK","NONE",INDEX({"S1","S2","W1","W2","N1","N2"},MATCH(MIN(Q123:V123),Q123:V123,0)))) -> W1 | X123: =IF(G123="","",IF(W123=E123,1,0)) -> 0
A124: 122 | B124: 11 | C124: R4 | D124: OK | E124: NONE | F124: K022 | G124: 8.94 | J124: =VLOOKUP(C124,Recipes!$A$2:$N$4,10,FALSE()) -> 9.9053333 | K124: =VLOOKUP(C124,Recipes!$A$2:$N$4,12,FALSE()) -> 0.050137397 | L124: =J124-3*K124 -> 9.7549211 | M124: =J124+3*K124 -> 10.055746 | N124: =IF(G124="","",IF(AND(G124>=L124,G124<=M124),"OK","NG")) -> NG | O124: =IF(N124="","",IF(N124=D124,1,0)) -> 0 | P124: =IF(G124="","",J124-G124) -> 0.96533333 | Q124: =IF(G124="","",ABS(P124-Components!$C$2)) -> 1.788 | R124: =IF(G124="","",ABS(P124-Components!$C$3)) -> 3.0706667 | S124: =IF(G124="","",ABS(P124-Components!$C$4)) -> 0.028 | T124: =IF(G124="","",ABS(P124-Components!$C$5)) -> 3.5973333 | U124: =IF(G124="","",ABS(P124-Components!$C$6)) -> 0.19033333 | V124: =IF(G124="","",ABS(P124-Components!$C$7)) -> 0.409 | W124: =IF(G124="","",IF(N124="OK","NONE",INDEX({"S1","S2","W1","W2","N1","N2"},MATCH(MIN(Q124:V124),Q124:V124,0)))) -> W1 | X124: =IF(G124="","",IF(W124=E124,1,0)) -> 0
A125: 123 | B125: 43 | C125: R4 | D125: OK | E125: NONE | F125: K023 | G125: 8.94 | J125: =VLOOKUP(C125,Recipes!$A$2:$N$4,10,FALSE()) -> 9.9053333 | K125: =VLOOKUP(C125,Recipes!$A$2:$N$4,12,FALSE()) -> 0.050137397 | L125: =J125-3*K125 -> 9.7549211 | M125: =J125+3*K125 -> 10.055746 | N125: =IF(G125="","",IF(AND(G125>=L125,G125<=M125),"OK","NG")) -> NG | O125: =IF(N125="","",IF(N125=D125,1,0)) -> 0 | P125: =IF(G125="","",J125-G125) -> 0.96533333 | Q125: =IF(G125="","",ABS(P125-Components!$C$2)) -> 1.788 | R125: =IF(G125="","",ABS(P125-Components!$C$3)) -> 3.0706667 | S125: =IF(G125="","",ABS(P125-Components!$C$4)) -> 0.028 | T125: =IF(G125="","",ABS(P125-Components!$C$5)) -> 3.5973333 | U125: =IF(G125="","",ABS(P125-Components!$C$6)) -> 0.19033333 | V125: =IF(G125="","",ABS(P125-Components!$C$7)) -> 0.409 | W125: =IF(G125="","",IF(N125="OK","NONE",INDEX({"S1","S2","W1","W2","N1","N2"},MATCH(MIN(Q125:V125),Q125:V125,0)))) -> W1 | X125: =IF(G125="","",IF(W125=E125,1,0)) -> 0
A126: 124 | B126: 23 | C126: R4 | D126: OK | E126: NONE | F126: K024 | G126: 8.89 | J126: =VLOOKUP(C126,Recipes!$A$2:$N$4,10,FALSE()) -> 9.9053333 | K126: =VLOOKUP(C126,Recipes!$A$2:$N$4,12,FALSE()) -> 0.050137397 | L126: =J126-3*K126 -> 9.7549211 | M126: =J126+3*K126 -> 10.055746 | N126: =IF(G126="","",IF(AND(G126>=L126,G126<=M126),"OK","NG")) -> NG | O126: =IF(N126="","",IF(N126=D126,1,0)) -> 0 | P126: =IF(G126="","",J126-G126) -> 1.0153333 | Q126: =IF(G126="","",ABS(P126-Components!$C$2)) -> 1.738 | R126: =IF(G126="","",ABS(P126-Components!$C$3)) -> 3.0206667 | S126: =IF(G126="","",ABS(P126-Components!$C$4)) -> 0.022 | T126: =IF(G126="","",ABS(P126-Components!$C$5)) -> 3.5473333 | U126: =IF(G126="","",ABS(P126-Components!$C$6)) -> 0.14033333 | V126: =IF(G126="","",ABS(P126-Components!$C$7)) -> 0.359 | W126: =IF(G126="","",IF(N126="OK","NONE",INDEX({"S1","S2","W1","W2","N1","N2"},MATCH(MIN(Q126:V126),Q126:V126,0)))) -> W1 | X126: =IF(G126="","",IF(W126=E126,1,0)) -> 0
A127: 125 | B127: 39 | C127: R4 | D127: OK | E127: NONE | F127: K025 | G127: 8.89 | J127: =VLOOKUP(C127,Recipes!$A$2:$N$4,10,FALSE()) -> 9.9053333 | K127: =VLOOKUP(C127,Recipes!$A$2:$N$4,12,FALSE()) -> 0.050137397 | L127: =J127-3*K127 -> 9.7549211 | M127: =J127+3*K127 -> 10.055746 | N127: =IF(G127="","",IF(AND(G127>=L127,G127<=M127),"OK","NG")) -> NG | O127: =IF(N127="","",IF(N127=D127,1,0)) -> 0 | P127: =IF(G127="","",J127-G127) -> 1.0153333 | Q127: =IF(G127="","",ABS(P127-Components!$C$2)) -> 1.738 | R127: =IF(G127="","",ABS(P127-Components!$C$3)) -> 3.0206667 | S127: =IF(G127="","",ABS(P127-Components!$C$4)) -> 0.022 | T127: =IF(G127="","",ABS(P127-Components!$C$5)) -> 3.5473333 | U127: =IF(G127="","",ABS(P127-Components!$C$6)) -> 0.14033333 | V127: =IF(G127="","",ABS(P127-Components!$C$7)) -> 0.359 | W127: =IF(G127="","",IF(N127="OK","NONE",INDEX({"S1","S2","W1","W2","N1","N2"},MATCH(MIN(Q127:V127),Q127:V127,0)))) -> W1 | X127: =IF(G127="","",IF(W127=E127,1,0)) -> 0
A128: 126 | B128: 25 | C128: R4 | D128: NG | E128: S1 | F128: K026 | G128: 6.18 | J128: =VLOOKUP(C128,Recipes!$A$2:$N$4,10,FALSE()) -> 9.9053333 | K128: =VLOOKUP(C128,Recipes!$A$2:$N$4,12,FALSE()) -> 0.050137397 | L128: =J128-3*K128 -> 9.7549211 | M128: =J128+3*K128 -> 10.055746 | N128: =IF(G128="","",IF(AND(G128>=L128,G128<=M128),"OK","NG")) -> NG | O128: =IF(N128="","",IF(N128=D128,1,0)) -> 1 | P128: =IF(G128="","",J128-G128) -> 3.7253333 | Q128: =IF(G128="","",ABS(P128-Components!$C$2)) -> 0.972 | R128: =IF(G128="","",ABS(P128-Components!$C$3)) -> 0.31066667 | S128: =IF(G128="","",ABS(P128-Components!$C$4)) -> 2.732 | T128: =IF(G128="","",ABS(P128-Components!$C$5)) -> 0.83733333 | U128: =IF(G128="","",ABS(P128-Components!$C$6)) -> 2.5696667 | V128: =IF(G128="","",ABS(P128-Components!$C$7)) -> 2.351 | W128: =IF(G128="","",IF(N128="OK","NONE",INDEX({"S1","S2","W1","W2","N1","N2"},MATCH(MIN(Q128:V128),Q128:V128,0)))) -> S2 | X128: =IF(G128="","",IF(W128=E128,1,0)) -> 0
A129: 127 | B129: 1 | C129: R4 | D129: NG | E129: S1 | F129: K027 | G129: 6.18 | J129: =VLOOKUP(C129,Recipes!$A$2:$N$4,10,FALSE()) -> 9.9053333 | K129: =VLOOKUP(C129,Recipes!$A$2:$N$4,12,FALSE()) -> 0.050137397 | L129: =J129-3*K129 -> 9.7549211 | M129: =J129+3*K129 -> 10.055746 | N129: =IF(G129="","",IF(AND(G129>=L129,G129<=M129),"OK","NG")) -> NG | O129: =IF(N129="","",IF(N129=D129,1,0)) -> 1 | P129: =IF(G129="","",J129-G129) -> 3.7253333 | Q129: =IF(G129="","",ABS(P129-Components!$C$2)) -> 0.972 | R129: =IF(G129="","",ABS(P129-Components!$C$3)) -> 0.31066667 | S129: =IF(G129="","",ABS(P129-Components!$C$4)) -> 2.732 | T129: =IF(G129="","",ABS(P129-Components!$C$5)) -> 0.83733333 | U129: =IF(G129="","",ABS(P129-Components!$C$6)) -> 2.5696667 | V129: =IF(G129="","",ABS(P129-Components!$C$7)) -> 2.351 | W129: =IF(G129="","",IF(N129="OK","NONE",INDEX({"S1","S2","W1","W2","N1","N2"},MATCH(MIN(Q129:V129),Q129:V129,0)))) -> S2 | X129: =IF(G129="","",IF(W129=E129,1,0)) -> 0
A130: 128 | B130: 26 | C130: R4 | D130: NG | E130: S1 | F130: K028 | G130: 6.15 | J130: =VLOOKUP(C130,Recipes!$A$2:$N$4,10,FALSE()) -> 9.9053333 | K130: =VLOOKUP(C130,Recipes!$A$2:$N$4,12,FALSE()) -> 0.050137397 | L130: =J130-3*K130 -> 9.7549211 | M130: =J130+3*K130 -> 10.055746 | N130: =IF(G130="","",IF(AND(G130>=L130,G130<=M130),"OK","NG")) -> NG | O130: =IF(N130="","",IF(N130=D130,1,0)) -> 1 | P130: =IF(G130="","",J130-G130) -> 3.7553333 | Q130: =IF(G130="","",ABS(P130-Components!$C$2)) -> 1.002 | R130: =IF(G130="","",ABS(P130-Components!$C$3)) -> 0.28066667 | S130: =IF(G130="","",ABS(P130-Components!$C$4)) -> 2.762 | T130: =IF(G130="","",ABS(P130-Components!$C$5)) -> 0.80733333 | U130: =IF(G130="","",ABS(P130-Components!$C$6)) -> 2.5996667 | V130: =IF(G130="","",ABS(P130-Components!$C$7)) -> 2.381 | W130: =IF(G130="","",IF(N130="OK","NONE",INDEX({"S1","S2","W1","W2","N1","N2"},MATCH(MIN(Q130:V130),Q130:V130,0)))) -> S2 | X130: =IF(G130="","",IF(W130=E130,1,0)) -> 0
A131: 129 | B131: 52 | C131: R4 | D131: NG | E131: S1 | F131: K029 | G131: 6.12 | J131: =VLOOKUP(C131,Recipes!$A$2:$N$4,10,FALSE()) -> 9.9053333 | K131: =VLOOKUP(C131,Recipes!$A$2:$N$4,12,FALSE()) -> 0.050137397 | L131: =J131-3*K131 -> 9.7549211 | M131: =J131+3*K131 -> 10.055746 | N131: =IF(G131="","",IF(AND(G131>=L131,G131<=M131),"OK","NG")) -> NG | O131: =IF(N131="","",IF(N131=D131,1,0)) -> 1 | P131: =IF(G131="","",J131-G131) -> 3.7853333 | Q131: =IF(G131="","",ABS(P131-Components!$C$2)) -> 1.032 | R131: =IF(G131="","",ABS(P131-Components!$C$3)) -> 0.25066667 | S131: =IF(G131="","",ABS(P131-Components!$C$4)) -> 2.792 | T131: =IF(G131="","",ABS(P131-Components!$C$5)) -> 0.77733333 | U131: =IF(G131="","",ABS(P131-Components!$C$6)) -> 2.6296667 | V131: =IF(G131="","",ABS(P131-Components!$C$7)) -> 2.411 | W131: =IF(G131="","",IF(N131="OK","NONE",INDEX({"S1","S2","W1","W2","N1","N2"},MATCH(MIN(Q131:V131),Q131:V131,0)))) -> S2 | X131: =IF(G131="","",IF(W131=E131,1,0)) -> 0
A132: 130 | B132: 7 | C132: R4 | D132: NG | E132: S1 | F132: K041 | G132: 6.16 | J132: =VLOOKUP(C130,Recipes!$A$2:$N$4,10,FALSE()) -> 9.9053333 | K132: =VLOOKUP(C132,Recipes!$A$2:$N$4,12,FALSE()) -> 0.050137397 | L132: =J132-3*K132 -> 9.7549211 | M132: =J132+3*K132 -> 10.055746 | N132: =IF(G132="","",IF(AND(G132>=L132,G132<=M132),"OK","NG")) -> NG | O132: =IF(N132="","",IF(N132=D132,1,0)) -> 1 | P132: =IF(G132="","",J132-G132) -> 3.7453333 | Q132: =IF(G132="","",ABS(P132-Components!$C$2)) -> 0.992 | R132: =IF(G132="","",ABS(P132-Components!$C$3)) -> 0.29066667 | S132: =IF(G132="","",ABS(P132-Components!$C$3)) -> 0.29066667 | T132: =IF(G132="","",ABS(P132-Components!$C$5)) -> 0.81733333 | U132: =IF(G132="","",ABS(P132-Components!$C$6)) -> 2.5896667 | V132: =IF(G132="","",ABS(P132-Components!$C$7)) -> 2.371 | W132: =IF(G132="","",IF(N132="OK","NONE",INDEX({"S1","S2","W1","W2","N1","N2"},MATCH(MIN(Q132:V132),Q132:V132,0)))) -> S2 | X132: =IF(G132="","",IF(W132=E132,1,0)) -> 0
A133: 131 | B133: 19 | C133: R4 | D133: NG | E133: W1 | F133: K030 | G133: 7.99 | J133: =VLOOKUP(C133,Recipes!$A$2:$N$4,10,FALSE()) -> 9.9053333 | K133: =VLOOKUP(C133,Recipes!$A$2:$N$4,12,FALSE()) -> 0.050137397 | L133: =J133-3*K133 -> 9.7549211 | M133: =J133+3*K133 -> 10.055746 | N133: =IF(G133="","",IF(AND(G133>=L133,G133<=M133),"OK","NG")) -> NG | O133: =IF(N133="","",IF(N133=D133,1,0)) -> 1 | P133: =IF(G133="","",J133-G133) -> 1.9153333 | Q133: =IF(G133="","",ABS(P133-Components!$C$2)) -> 0.838 | R133: =IF(G133="","",ABS(P133-Components!$C$3)) -> 2.1206667 | S133: =IF(G133="","",ABS(P133-Components!$C$4)) -> 0.922 | T133: =IF(G133="","",ABS(P133-Components!$C$5)) -> 2.6473333 | U133: =IF(G133="","",ABS(P133-Components!$C$6)) -> 0.75966667 | V133: =IF(G133="","",ABS(P133-Components!$C$7)) -> 0.541 | W133: =IF(G133="","",IF(N133="OK","NONE",INDEX({"S1","S2","W1","W2","N1","N2"},MATCH(MIN(Q133:V133),Q133:V133,0)))) -> N2 | X133: =IF(G133="","",IF(W133=E133,1,0)) -> 0
A134: 132 | B134: 32 | C134: R4 | D134: NG | E134: W1 | F134: K031 | G134: 7.97 | J134: =VLOOKUP(C134,Recipes!$A$2:$N$4,10,FALSE()) -> 9.9053333 | K134: =VLOOKUP(C134,Recipes!$A$2:$N$4,12,FALSE()) -> 0.050137397 | L134: =J134-3*K134 -> 9.7549211 | M134: =J134+3*K134 -> 10.055746 | N134: =IF(G134="","",IF(AND(G134>=L134,G134<=M134),"OK","NG")) -> NG | O134: =IF(N134="","",IF(N134=D134,1,0)) -> 1 | P134: =IF(G134="","",J134-G134) -> 1.9353333 | Q134: =IF(G134="","",ABS(P134-Components!$C$2)) -> 0.818 | R134: =IF(G134="","",ABS(P134-Components!$C$3)) -> 2.1006667 | S134: =IF(G134="","",ABS(P134-Components!$C$4)) -> 0.942 | T134: =IF(G134="","",ABS(P134-Components!$C$5)) -> 2.6273333 | U134: =IF(G134="","",ABS(P134-Components!$C$6)) -> 0.77966667 | V134: =IF(G134="","",ABS(P134-Components!$C$7)) -> 0.561 | W134: =IF(G134="","",IF(N134="OK","NONE",INDEX({"S1","S2","W1","W2","N1","N2"},MATCH(MIN(Q134:V134),Q134:V134,0)))) -> N2 | X134: =IF(G134="","",IF(W134=E134,1,0)) -> 0
A135: 133 | B135: 37 | C135: R4 | D135: NG | E135: W1 | F135: K032 | G135: 7.97 | J135: =VLOOKUP(C135,Recipes!$A$2:$N$4,10,FALSE()) -> 9.9053333 | K135: =VLOOKUP(C135,Recipes!$A$2:$N$4,12,FALSE()) -> 0.050137397 | L135: =J135-3*K135 -> 9.7549211 | M135: =J135+3*K135 -> 10.055746 | N135: =IF(G135="","",IF(AND(G135>=L135,G135<=M135),"OK","NG")) -> NG | O135: =IF(N135="","",IF(N135=D135,1,0)) -> 1 | P135: =IF(G135="","",J135-G135) -> 1.9353333 | Q135: =IF(G135="","",ABS(P135-Components!$C$2)) -> 0.818 | R135: =IF(G135="","",ABS(P135-Components!$C$3)) -> 2.1006667 | S135: =IF(G135="","",ABS(P135-Components!$C$4)) -> 0.942 | T135: =IF(G135="","",ABS(P135-Components!$C$5)) -> 2.6273333 | U135: =IF(G135="","",ABS(P135-Components!$C$6)) -> 0.77966667 | V135: =IF(G135="","",ABS(P135-Components!$C$7)) -> 0.561 | W135: =IF(G135="","",IF(N135="OK","NONE",INDEX({"S1","S2","W1","W2","N1","N2"},MATCH(MIN(Q135:V135),Q135:V135,0)))) -> N2 | X135: =IF(G135="","",IF(W135=E135,1,0)) -> 0
A136: 134 | B136: 27 | C136: R4 | D136: NG | E136: W1 | F136: K033 | G136: 7.94 | J136: =VLOOKUP(C136,Recipes!$A$2:$N$4,10,FALSE()) -> 9.9053333 | K136: =VLOOKUP(C136,Recipes!$A$2:$N$4,12,FALSE()) -> 0.050137397 | L136: =J136-3*K136 -> 9.7549211 | M136: =J136+3*K136 -> 10.055746 | N136: =IF(G136="","",IF(AND(G136>=L136,G136<=M136),"OK","NG")) -> NG | O136: =IF(N136="","",IF(N136=D136,1,0)) -> 1 | P136: =IF(G136="","",J136-G136) -> 1.9653333 | Q136: =IF(G136="","",ABS(P136-Components!$C$2)) -> 0.788 | R136: =IF(G136="","",ABS(P136-Components!$C$3)) -> 2.0706667 | S136: =IF(G136="","",ABS(P136-Components!$C$4)) -> 0.972 | T136: =IF(G136="","",ABS(P136-Components!$C$5)) -> 2.5973333 | U136: =IF(G136="","",ABS(P136-Components!$C$6)) -> 0.80966667 | V136: =IF(G136="","",ABS(P136-Components!$C$7)) -> 0.591 | W136: =IF(G136="","",IF(N136="OK","NONE",INDEX({"S1","S2","W1","W2","N1","N2"},MATCH(MIN(Q136:V136),Q136:V136,0)))) -> N2 | X136: =IF(G136="","",IF(W136=E136,1,0)) -> 0
A137: 135 | B137: 48 | C137: R4 | D137: NG | E137: W1 | F137: K042 | G137: 7.96 | J137: =VLOOKUP(C137,Recipes!$A$2:$N$4,10,FALSE()) -> 9.9053333 | K137: =VLOOKUP(C137,Recipes!$A$2:$N$4,12,FALSE()) -> 0.050137397 | L137: =J137-3*K137 -> 9.7549211 | M137: =J137+3*K137 -> 10.055746 | N137: =IF(G137="","",IF(AND(G137>=L137,G137<=M137),"OK","NG")) -> NG | O137: =IF(N137="","",IF(N137=D137,1,0)) -> 1 | P137: =IF(G137="","",J137-G137) -> 1.9453333 | Q137: =IF(G137="","",ABS(P137-Components!$C$2)) -> 0.808 | R137: =IF(G137="","",ABS(P137-Components!$C$3)) -> 2.0906667 | S137: =IF(G137="","",ABS(P137-Components!$C$4)) -> 0.952 | T137: =IF(G137="","",ABS(P137-Components!$C$5)) -> 2.6173333 | U137: =IF(G137="","",ABS(P137-Components!$C$6)) -> 0.78966667 | V137: =IF(G137="","",ABS(P137-Components!$C$7)) -> 0.571 | W137: =IF(G137="","",IF(N137="OK","NONE",INDEX({"S1","S2","W1","W2","N1","N2"},MATCH(MIN(Q137:V137),Q137:V137,0)))) -> N2 | X137: =IF(G137="","",IF(W137=E137,1,0)) -> 0
A138: 136 | B138: 13 | C138: R4 | D138: NG | E138: N1 | F138: K034 | G138: 7.78 | J138: =VLOOKUP(C138,Recipes!$A$2:$N$4,10,FALSE()) -> 9.9053333 | K138: =VLOOKUP(C138,Recipes!$A$2:$N$4,12,FALSE()) -> 0.050137397 | L138: =J138-3*K138 -> 9.7549211 | M138: =J138+3*K138 -> 10.055746 | N138: =IF(G138="","",IF(AND(G138>=L138,G138<=M138),"OK","NG")) -> NG | O138: =IF(N138="","",IF(N138=D138,1,0)) -> 1 | P138: =IF(G138="","",J138-G138) -> 2.1253333 | Q138: =IF(G138="","",ABS(P138-Components!$C$2)) -> 0.628 | R138: =IF(G138="","",ABS(P138-Components!$C$3)) -> 1.9106667 | S138: =IF(G138="","",ABS(P138-Components!$C$4)) -> 1.132 | T138: =IF(G138="","",ABS(P138-Components!$C$5)) -> 2.4373333 | U138: =IF(G138="","",ABS(P138-Components!$C$6)) -> 0.96966667 | V138: =IF(G138="","",ABS(P138-Components!$C$7)) -> 0.751 | W138: =IF(G138="","",IF(N138="OK","NONE",INDEX({"S1","S2","W1","W2","N1","N2"},MATCH(MIN(Q138:V138),Q138:V138,0)))) -> S1 | X138: =IF(G138="","",IF(W138=E138,1,0)) -> 0
A139: 137 | B139: 40 | C139: R4 | D139: NG | E139: N1 | F139: K035 | G139: 7.79 | J139: =VLOOKUP(C139,Recipes!$A$2:$N$4,10,FALSE()) -> 9.9053333 | K139: =VLOOKUP(C139,Recipes!$A$2:$N$4,12,FALSE()) -> 0.050137397 | L139: =J139-3*K139 -> 9.7549211 | M139: =J139+3*K139 -> 10.055746 | N139: =IF(G139="","",IF(AND(G139>=L139,G139<=M139),"OK","NG")) -> NG | O139: =IF(N139="","",IF(N139=D139,1,0)) -> 1 | P139: =IF(G139="","",J139-G139) -> 2.1153333 | Q139: =IF(G139="","",ABS(P139-Components!$C$2)) -> 0.638 | R139: =IF(G139="","",ABS(P139-Components!$C$3)) -> 1.9206667 | S139: =IF(G139="","",ABS(P139-Components!$C$4)) -> 1.122 | T139: =IF(G139="","",ABS(P139-Components!$C$5)) -> 2.4473333 | U139: =IF(G139="","",ABS(P139-Components!$C$6)) -> 0.95966667 | V139: =IF(G139="","",ABS(P139-Components!$C$7)) -> 0.741 | W139: =IF(G139="","",IF(N139="OK","NONE",INDEX({"S1","S2","W1","W2","N1","N2"},MATCH(MIN(Q139:V139),Q139:V139,0)))) -> S1 | X139: =IF(G139="","",IF(W139=E139,1,0)) -> 0
A140: 138 | B140: 33 | C140: R4 | D140: NG | E140: N1 | F140: K036 | G140: 7.78 | J140: =VLOOKUP(C140,Recipes!$A$2:$N$4,10,FALSE()) -> 9.9053333 | K140: =VLOOKUP(C140,Recipes!$A$2:$N$4,12,FALSE()) -> 0.050137397 | L140: =J140-3*K140 -> 9.7549211 | M140: =J140+3*K140 -> 10.055746 | N140: =IF(G140="","",IF(AND(G140>=L140,G140<=M140),"OK","NG")) -> NG | O140: =IF(N140="","",IF(N140=D140,1,0)) -> 1 | P140: =IF(G140="","",J140-G140) -> 2.1253333 | Q140: =IF(G140="","",ABS(P140-Components!$C$2)) -> 0.628 | R140: =IF(G140="","",ABS(P140-Components!$C$3)) -> 1.9106667 | S140: =IF(G140="","",ABS(P140-Components!$C$4)) -> 1.132 | T140: =IF(G140="","",ABS(P140-Components!$C$5)) -> 2.4373333 | U140: =IF(G140="","",ABS(P140-Components!$C$6)) -> 0.96966667 | V140: =IF(G140="","",ABS(P140-Components!$C$7)) -> 0.751 | W140: =IF(G140="","",IF(N140="OK","NONE",INDEX({"S1","S2","W1","W2","N1","N2"},MATCH(MIN(Q140:V140),Q140:V140,0)))) -> S1 | X140: =IF(G140="","",IF(W140=E140,1,0)) -> 0
A141: 139 | B141: 49 | C141: R4 | D141: NG | E141: N1 | F141: K037 | G141: 7.78 | J141: =VLOOKUP(C141,Recipes!$A$2:$N$4,10,FALSE()) -> 9.9053333 | K141: =VLOOKUP(C141,Recipes!$A$2:$N$4,12,FALSE()) -> 0.050137397 | L141: =J141-3*K141 -> 9.7549211 | M141: =J141+3*K141 -> 10.055746 | N141: =IF(G141="","",IF(AND(G141>=L141,G141<=M141),"OK","NG")) -> NG | O141: =IF(N141="","",IF(N141=D141,1,0)) -> 1 | P141: =IF(G141="","",J141-G141) -> 2.1253333 | Q141: =IF(G141="","",ABS(P141-Components!$C$2)) -> 0.628 | R141: =IF(G141="","",ABS(P141-Components!$C$3)) -> 1.9106667 | S141: =IF(G141="","",ABS(P141-Components!$C$4)) -> 1.132 | T141: =IF(G141="","",ABS(P141-Components!$C$5)) -> 2.4373333 | U141: =IF(G141="","",ABS(P141-Components!$C$6)) -> 0.96966667 | V141: =IF(G141="","",ABS(P141-Components!$C$7)) -> 0.751 | W141: =IF(G141="","",IF(N141="OK","NONE",INDEX({"S1","S2","W1","W2","N1","N2"},MATCH(MIN(Q141:V141),Q141:V141,0)))) -> S1 | X141: =IF(G141="","",IF(W141=E141,1,0)) -> 0
A142: 140 | B142: 2 | C142: R4 | D142: NG | E142: N1 | F142: K043 | G142: 7.79 | J142: =VLOOKUP(C142,Recipes!$A$2:$N$4,10,FALSE()) -> 9.9053333 | K142: =VLOOKUP(C142,Recipes!$A$2:$N$4,12,FALSE()) -> 0.050137397 | L142: =J142-3*K142 -> 9.7549211 | M142: =J142+3*K142 -> 10.055746 | N142: =IF(G142="","",IF(AND(G142>=L142,G142<=M142),"OK","NG")) -> NG | O142: =IF(N142="","",IF(N142=D142,1,0)) -> 1 | P142: =IF(G142="","",J142-G142) -> 2.1153333 | Q142: =IF(G142="","",ABS(P142-Components!$C$2)) -> 0.638 | R142: =IF(G142="","",ABS(P142-Components!$C$3)) -> 1.9206667 | S142: =IF(G142="","",ABS(P142-Components!$C$4)) -> 1.122 | T142: =IF(G142="","",ABS(P142-Components!$C$5)) -> 2.4473333 | U142: =IF(G142="","",ABS(P142-Components!$C$6)) -> 0.95966667 | V142: =IF(G142="","",ABS(P142-Components!$C$7)) -> 0.741 | W142: =IF(G142="","",IF(N142="OK","NONE",INDEX({"S1","S2","W1","W2","N1","N2"},MATCH(MIN(Q142:V142),Q142:V142,0)))) -> S1 | X142: =IF(G142="","",IF(W142=E142,1,0)) -> 0
A143: 141 | B143: 14 | C143: R4 | D143: NG | E143: S2 | F143: K038 | G143: 4.91 | J143: =VLOOKUP(C143,Recipes!$A$2:$N$4,10,FALSE()) -> 9.9053333 | K143: =VLOOKUP(C143,Recipes!$A$2:$N$4,12,FALSE()) -> 0.050137397 | L143: =J143-3*K143 -> 9.7549211 | M143: =J143+3*K143 -> 10.055746 | N143: =IF(G143="","",IF(AND(G143>=L143,G143<=M143),"OK","NG")) -> NG | O143: =IF(N143="","",IF(N143=D143,1,0)) -> 1 | P143: =IF(G143="","",J143-G143) -> 4.9953333 | Q143: =IF(G143="","",ABS(P143-Components!$C$2)) -> 2.242 | R143: =IF(G143="","",ABS(P143-Components!$C$3)) -> 0.95933333 | S143: =IF(G143="","",ABS(P143-Components!$C$4)) -> 4.002 | T143: =IF(G143="","",ABS(P143-Components!$C$5)) -> 0.43266667 | U143: =IF(G143="","",ABS(P143-Components!$C$6)) -> 3.8396667 | V143: =IF(G143="","",ABS(P143-Components!$C$7)) -> 3.621 | W143: =IF(G143="","",IF(N143="OK","NONE",INDEX({"S1","S2","W1","W2","N1","N2"},MATCH(MIN(Q143:V143),Q143:V143,0)))) -> W2 | X143: =IF(G143="","",IF(W143=E143,1,0)) -> 0
A144: 142 | B144: 46 | C144: R4 | D144: NG | E144: S2 | F144: K039 | G144: 4.89 | J144: =VLOOKUP(C144,Recipes!$A$2:$N$4,10,FALSE()) -> 9.9053333 | K144: =VLOOKUP(C144,Recipes!$A$2:$N$4,12,FALSE()) -> 0.050137397 | L144: =J144-3*K144 -> 9.7549211 | M144: =J144+3*K144 -> 10.055746 | N144: =IF(G144="","",IF(AND(G144>=L144,G144<=M144),"OK","NG")) -> NG | O144: =IF(N144="","",IF(N144=D144,1,0)) -> 1 | P144: =IF(G144="","",J144-G144) -> 5.0153333 | Q144: =IF(G144="","",ABS(P144-Components!$C$2)) -> 2.262 | R144: =IF(G144="","",ABS(P144-Components!$C$3)) -> 0.97933333 | S144: =IF(G144="","",ABS(P144-Components!$C$4)) -> 4.022 | T144: =IF(G144="","",ABS(P144-Components!$C$5)) -> 0.45266667 | U144: =IF(G144="","",ABS(P144-Components!$C$6)) -> 3.8596667 | V144: =IF(G144="","",ABS(P144-Components!$C$7)) -> 3.641 | W144: =IF(G144="","",IF(N144="OK","NONE",INDEX({"S1","S2","W1","W2","N1","N2"},MATCH(MIN(Q144:V144),Q144:V144,0)))) -> W2 | X144: =IF(G144="","",IF(W144=E144,1,0)) -> 0
... A150: 148 | B150: 38 | C150: R6 | D150: OK | E150: NONE | F150: K043 | G150: 8.63 | J150: =VLOOKUP(C150,Recipes!$A$2:$N$4,10,FALSE()) -> 9.6113333 | K150: =VLOOKUP(C150,Recipes!$A$2:$N$4,12,FALSE()) -> 0.061509461 | L150: =J150-3*K150 -> 9.426805 | M150: =J150+3*K150 -> 9.7958617 | N150: =IF(G150="","",IF(AND(G150>=L150,G150<=M150),"OK","NG")) -> NG | O150: =IF(N150="","",IF(N150=D150,1,0)) -> 0 | P150: =IF(G150="","",J150-G150) -> 0.98133333 | Q150: =IF(G150="","",ABS(P150-Components!$C$2)) -> 1.772 | R150: =IF(G150="","",ABS(P150-Components!$C$3)) -> 3.0546667 | S150: =IF(G150="","",ABS(P150-Components!$C$4)) -> 0.012 | T150: =IF(G150="","",ABS(P150-Components!$C$5)) -> 3.5813333 | U150: =IF(G150="","",ABS(P150-Components!$C$6)) -> 0.17433333 | V150: =IF(G150="","",ABS(P150-Components!$C$7)) -> 0.393 | W150: =IF(G150="","",IF(N150="OK","NONE",INDEX({"S1","S2","W1","W2","N1","N2"},MATCH(MIN(Q150:V150),Q150:V150,0)))) -> W1 | X150: =IF(G150="","",IF(W150=E150,1,0)) -> 0
A151: 149 | C151: R6 | D151: OK | E151: NONE | G151: 8.62 | J151: =VLOOKUP(C151,Recipes!$A$2:$N$4,10,FALSE()) -> 9.6113333 | K151: =VLOOKUP(C151,Recipes!$A$2:$N$4,12,FALSE()) -> 0.061509461 | L151: =J151-3*K151 -> 9.426805 | M151: =J151+3*K151 -> 9.7958617 | N151: =IF(G151="","",IF(AND(G151>=L151,G151<=M151),"OK","NG")) -> NG | O151: =IF(N151="","",IF(N151=D151,1,0)) -> 0 | P151: =IF(G151="","",J151-G151) -> 0.99133333 | Q151: =IF(G151="","",ABS(P151-Components!$C$2)) -> 1.762 | R151: =IF(G151="","",ABS(P151-Components!$C$3)) -> 3.0446667 | S151: =IF(G151="","",ABS(P151-Components!$C$4)) -> 0.002 | T151: =IF(G151="","",ABS(P151-Components!$C$5)) -> 3.5713333 | U151: =IF(G151="","",ABS(P151-Components!$C$6)) -> 0.16433333 | V151: =IF(G151="","",ABS(P151-Components!$C$7)) -> 0.383 | W151: =IF(G151="","",IF(N151="OK","NONE",INDEX({"S1","S2","W1","W2","N1","N2"},MATCH(MIN(Q151:V151),Q151:V151,0)))) -> W1 | X151: =IF(G151="","",IF(W151=E151,1,0)) -> 0
A152: 150 | C152: R6 | D152: OK | E152: NONE | G152: 8.58 | J152: =VLOOKUP(C152,Recipes!$A$2:$N$4,10,FALSE()) -> 9.6113333 | K152: =VLOOKUP(C152,Recipes!$A$2:$N$4,12,FALSE()) -> 0.061509461 | L152: =J152-3*K152 -> 9.426805 | M152: =J152+3*K152 -> 9.7958617 | N152: =IF(G152="","",IF(AND(G152>=L152,G152<=M152),"OK","NG")) -> NG | O152: =IF(N152="","",IF(N152=D152,1,0)) -> 0 | P152: =IF(G152="","",J152-G152) -> 1.0313333 | Q152: =IF(G152="","",ABS(P152-Components!$C$2)) -> 1.722 | R152: =IF(G152="","",ABS(P152-Components!$C$3)) -> 3.0046667 | S152: =IF(G152="","",ABS(P152-Components!$C$4)) -> 0.038 | T152: =IF(G152="","",ABS(P152-Components!$C$5)) -> 3.5313333 | U152: =IF(G152="","",ABS(P152-Components!$C$6)) -> 0.12433333 | V152: =IF(G152="","",ABS(P152-Components!$C$7)) -> 0.343 | W152: =IF(G152="","",IF(N152="OK","NONE",INDEX({"S1","S2","W1","W2","N1","N2"},MATCH(MIN(Q152:V152),Q152:V152,0)))) -> W1 | X152: =IF(G152="","",IF(W152=E152,1,0)) -> 0
A153: 151 | B153: 6 | C153: R6 | D153: NG | E153: S1 | F153: K044 | G153: 5.89 | J153: =VLOOKUP(C153,Recipes!$A$2:$N$4,10,FALSE()) -> 9.6113333 | K153: =VLOOKUP(C153,Recipes!$A$2:$N$4,12,FALSE()) -> 0.061509461 | L153: =J153-3*K153 -> 9.426805 | M153: =J153+3*K153 -> 9.7958617 | N153: =IF(G153="","",IF(AND(G153>=L153,G153<=M153),"OK","NG")) -> NG | O153: =IF(N153="","",IF(N153=D153,1,0)) -> 1 | P153: =IF(G153="","",J153-G153) -> 3.7213333 | Q153: =IF(G153="","",ABS(P153-Components!$C$2)) -> 0.968 | R153: =IF(G153="","",ABS(P153-Components!$C$3)) -> 0.31466667 | S153: =IF(G153="","",ABS(P153-Components!$C$4)) -> 2.728 | T153: =IF(G153="","",ABS(P153-Components!$C$5)) -> 0.84133333 | U153: =IF(G153="","",ABS(P153-Components!$C$6)) -> 2.5656667 | V153: =IF(G153="","",ABS(P153-Components!$C$7)) -> 2.347 | W153: =IF(G153="","",IF(N153="OK","NONE",INDEX({"S1","S2","W1","W2","N1","N2"},MATCH(MIN(Q153:V153),Q153:V153,0)))) -> S2 | X153: =IF(G153="","",IF(W153=E153,1,0)) -> 0
A154: 152 | B154: 35 | C154: R6 | D154: NG | E154: S1 | F154: K045 | G154: 5.89 | J154: =VLOOKUP(C154,Recipes!$A$2:$N$4,10,FALSE()) -> 9.6113333 | K154: =VLOOKUP(C154,Recipes!$A$2:$N$4,12,FALSE()) -> 0.061509461 | L154: =J154-3*K154 -> 9.426805 | M154: =J154+3*K154 -> 9.7958617 | N154: =IF(G154="","",IF(AND(G154>=L154,G154<=M154),"OK","NG")) -> NG | O154: =IF(N154="","",IF(N154=D154,1,0)) -> 1 | P154: =IF(G154="","",J154-G154) -> 3.7213333 | Q154: =IF(G154="","",ABS(P154-Components!$C$2)) -> 0.968 | R154: =IF(G154="","",ABS(P154-Components!$C$3)) -> 0.31466667 | S154: =IF(G154="","",ABS(P154-Components!$C$4)) -> 2.728 | T154: =IF(G154="","",ABS(P154-Components!$C$5)) -> 0.84133333 | U154: =IF(G154="","",ABS(P154-Components!$C$6)) -> 2.5656667 | V154: =IF(G154="","",ABS(P154-Components!$C$7)) -> 2.347 | W154: =IF(G154="","",IF(N154="OK","NONE",INDEX({"S1","S2","W1","W2","N1","N2"},MATCH(MIN(Q154:V154),Q154:V154,0)))) -> S2 | X154: =IF(G154="","",IF(W154=E154,1,0)) -> 0
A155: 153 | C155: R6 | D155: NG | E155: S1 | G155: 5.9 | J155: =VLOOKUP(C155,Recipes!$A$2:$N$4,10,FALSE()) -> 9.6113333 | K155: =VLOOKUP(C155,Recipes!$A$2:$N$4,12,FALSE()) -> 0.061509461 | L155: =J155-3*K155 -> 9.426805 | M155: =J155+3*K155 -> 9.7958617 | N155: =IF(G155="","",IF(AND(G155>=L155,G155<=M155),"OK","NG")) -> NG | O155: =IF(N155="","",IF(N155=D155,1,0)) -> 1 | P155: =IF(G155="","",J155-G155) -> 3.7113333 | Q155: =IF(G155="","",ABS(P155-Components!$C$2)) -> 0.958 | R155: =IF(G155="","",ABS(P155-Components!$C$3)) -> 0.32466667 | S155: =IF(G155="","",ABS(P155-Components!$C$4)) -> 2.718 | T155: =IF(G155="","",ABS(P155-Components!$C$5)) -> 0.85133333 | U155: =IF(G155="","",ABS(P155-Components!$C$6)) -> 2.5556667 | V155: =IF(G155="","",ABS(P155-Components!$C$7)) -> 2.337 | W155: =IF(G155="","",IF(N155="OK","NONE",INDEX({"S1","S2","W1","W2","N1","N2"},MATCH(MIN(Q155:V155),Q155:V155,0)))) -> S2 | X155: =IF(G155="","",IF(W155=E155,1,0)) -> 0
A156: 154 | C156: R6 | D156: NG | E156: S1 | G156: 5.88 | J156: =VLOOKUP(C156,Recipes!$A$2:$N$4,10,FALSE()) -> 9.6113333 | K156: =VLOOKUP(C156,Recipes!$A$2:$N$4,12,FALSE()) -> 0.061509461 | L156: =J156-3*K156 -> 9.426805 | M156: =J156+3*K156 -> 9.7958617 | N156: =IF(G156="","",IF(AND(G156>=L156,G156<=M156),"OK","NG")) -> NG | O156: =IF(N156="","",IF(N156=D156,1,0)) -> 1 | P156: =IF(G156="","",J156-G156) -> 3.7313333 | Q156: =IF(G156="","",ABS(P156-Components!$C$2)) -> 0.978 | R156: =IF(G156="","",ABS(P156-Components!$C$3)) -> 0.30466667 | S156: =IF(G156="","",ABS(P156-Components!$C$4)) -> 2.738 | T156: =IF(G156="","",ABS(P156-Components!$C$5)) -> 0.83133333 | U156: =IF(G156="","",ABS(P156-Components!$C$6)) -> 2.5756667 | V156: =IF(G156="","",ABS(P156-Components!$C$7)) -> 2.357 | W156: =IF(G156="","",IF(N156="OK","NONE",INDEX({"S1","S2","W1","W2","N1","N2"},MATCH(MIN(Q156:V156),Q156:V156,0)))) -> S2 | X156: =IF(G156="","",IF(W156=E156,1,0)) -> 0
A157: 155 | C157: R6 | D157: NG | E157: S1 | G157: 5.91 | J157: =VLOOKUP(C157,Recipes!$A$2:$N$4,10,FALSE()) -> 9.6113333 | K157: =VLOOKUP(C157,Recipes!$A$2:$N$4,12,FALSE()) -> 0.061509461 | L157: =J157-3*K157 -> 9.426805 | M157: =J157+3*K157 -> 9.7958617 | N157: =IF(G157="","",IF(AND(G157>=L157,G157<=M157),"OK","NG")) -> NG | O157: =IF(N157="","",IF(N157=D157,1,0)) -> 1 | P157: =IF(G157="","",J157-G157) -> 3.7013333 | Q157: =IF(G157="","",ABS(P157-Components!$C$2)) -> 0.948 | R157: =IF(G157="","",ABS(P157-Components!$C$3)) -> 0.33466667 | S157: =IF(G157="","",ABS(P157-Components!$C$4)) -> 2.708 | T157: =IF(G157="","",ABS(P157-Components!$C$5)) -> 0.86133333 | U157: =IF(G157="","",ABS(P157-Components!$C$6)) -> 2.5456667 | V157: =IF(G157="","",ABS(P157-Components!$C$7)) -> 2.327 | W157: =IF(G157="","",IF(N157="OK","NONE",INDEX({"S1","S2","W1","W2","N1","N2"},MATCH(MIN(Q157:V157),Q157:V157,0)))) -> S2 | X157: =IF(G157="","",IF(W157=E157,1,0)) -> 0
A158: 156 | B158: 44 | C158: R6 | D158: NG | E158: W1 | F158: K046 | G158: 7.38 | J158: =VLOOKUP(C158,Recipes!$A$2:$N$4,10,FALSE()) -> 9.6113333 | K158: =VLOOKUP(C158,Recipes!$A$2:$N$4,12,FALSE()) -> 0.061509461 | L158: =J158-3*K158 -> 9.426805 | M158: =J158+3*K158 -> 9.7958617 | N158: =IF(G158="","",IF(AND(G158>=L158,G158<=M158),"OK","NG")) -> NG | O158: =IF(N158="","",IF(N158=D158,1,0)) -> 1 | P158: =IF(G158="","",J158-G158) -> 2.2313333 | Q158: =IF(G158="","",ABS(P158-Components!$C$2)) -> 0.522 | R158: =IF(G158="","",ABS(P158-Components!$C$3)) -> 1.8046667 | S158: =IF(G158="","",ABS(P158-Components!$C$4)) -> 1.238 | T158: =IF(G158="","",ABS(P158-Components!$C$5)) -> 2.3313333 | U158: =IF(G158="","",ABS(P158-Components!$C$6)) -> 1.0756667 | V158: =IF(G158="","",ABS(P158-Components!$C$7)) -> 0.857 | W158: =IF(G158="","",IF(N158="OK","NONE",INDEX({"S1","S2","W1","W2","N1","N2"},MATCH(MIN(Q158:V158),Q158:V158,0)))) -> S1 | X158: =IF(G158="","",IF(W158=E158,1,0)) -> 0
A159: 157 | B159: 7 | C159: R6 | D159: NG | E159: W1 | F159: K047 | G159: 7.54 | J159: =VLOOKUP(C159,Recipes!$A$2:$N$4,10,FALSE()) -> 9.6113333 | K159: =VLOOKUP(C159,Recipes!$A$2:$N$4,12,FALSE()) -> 0.061509461 | L159: =J159-3*K159 -> 9.426805 | M159: =J159+3*K159 -> 9.7958617 | N159: =IF(G159="","",IF(AND(G159>=L159,G159<=M159),"OK","NG")) -> NG | O159: =IF(N159="","",IF(N159=D159,1,0)) -> 1 | P159: =IF(G159="","",J159-G159) -> 2.0713333 | Q159: =IF(G159="","",ABS(P159-Components!$C$2)) -> 0.682 | R159: =IF(G159="","",ABS(P159-Components!$C$3)) -> 1.9646667 | S159: =IF(G159="","",ABS(P159-Components!$C$4)) -> 1.078 | T159: =IF(G159="","",ABS(P159-Components!$C$5)) -> 2.4913333 | U159: =IF(G159="","",ABS(P159-Components!$C$6)) -> 0.91566667 | V159: =IF(G159="","",ABS(P159-Components!$C$7)) -> 0.697 | W159: =IF(G159="","",IF(N159="OK","NONE",INDEX({"S1","S2","W1","W2","N1","N2"},MATCH(MIN(Q159:V159),Q159:V159,0)))) -> S1 | X159: =IF(G159="","",IF(W159=E159,1,0)) -> 0
A160: 158 | B160: 9 | C160: R6 | D160: NG | E160: W1 | F160: K048 | G160: 7.65 | J160: =VLOOKUP(C160,Recipes!$A$2:$N$4,10,FALSE()) -> 9.6113333 | K160: =VLOOKUP(C160,Recipes!$A$2:$N$4,12,FALSE()) -> 0.061509461 | L160: =J160-3*K160 -> 9.426805 | M160: =J160+3*K160 -> 9.7958617 | N160: =IF(G160="","",IF(AND(G160>=L160,G160<=M160),"OK","NG")) -> NG | O160: =IF(N160="","",IF(N160=D160,1,0)) -> 1 | P160: =IF(G160="","",J160-G160) -> 1.9613333 | Q160: =IF(G160="","",ABS(P160-Components!$C$2)) -> 0.792 | R160: =IF(G160="","",ABS(P160-Components!$C$3)) -> 2.0746667 | S160: =IF(G160="","",ABS(P160-Components!$C$4)) -> 0.968 | T160: =IF(G160="","",ABS(P160-Components!$C$5)) -> 2.6013333 | U160: =IF(G160="","",ABS(P160-Components!$C$6)) -> 0.80566667 | V160: =IF(G160="","",ABS(P160-Components!$C$7)) -> 0.587 | W160: =IF(G160="","",IF(N160="OK","NONE",INDEX({"S1","S2","W1","W2","N1","N2"},MATCH(MIN(Q160:V160),Q160:V160,0)))) -> N2 | X160: =IF(G160="","",IF(W160=E160,1,0)) -> 0
A161: 159 | B161: 8 | C161: R6 | D161: NG | E161: W1 | F161: K054 | G161: 7.34 | J161: =VLOOKUP(C161,Recipes!$A$2:$N$4,10,FALSE()) -> 9.6113333 | K161: =VLOOKUP(C161,Recipes!$A$2:$N$4,12,FALSE()) -> 0.061509461 | L161: =J161-3*K161 -> 9.426805 | M161: =J161+3*K161 -> 9.7958617 | N161: =IF(G161="","",IF(AND(G161>=L161,G161<=M161),"OK","NG")) -> NG | O161: =IF(N161="","",IF(N161=D161,1,0)) -> 1 | P161: =IF(G161="","",J161-G161) -> 2.2713333 | Q161: =IF(G161="","",ABS(P161-Components!$C$2)) -> 0.482 | R161: =IF(G161="","",ABS(P161-Components!$C$3)) -> 1.7646667 | S161: =IF(G161="","",ABS(P161-Components!$C$4)) -> 1.278 | T161: =IF(G161="","",ABS(P161-Components!$C$5)) -> 2.2913333 | U161: =IF(G161="","",ABS(P161-Components!$C$6)) -> 1.1156667 | V161: =IF(G161="","",ABS(P161-Components!$C$7)) -> 0.897 | W161: =IF(G161="","",IF(N161="OK","NONE",INDEX({"S1","S2","W1","W2","N1","N2"},MATCH(MIN(Q161:V161),Q161:V161,0)))) -> S1 | X161: =IF(G161="","",IF(W161=E161,1,0)) -> 0
A162: 160 | B162: 41 | C162: R6 | D162: NG | E162: W1 | F162: K055 | G162: 7.68 | J162: =VLOOKUP(C162,Recipes!$A$2:$N$4,10,FALSE()) -> 9.6113333 | K162: =VLOOKUP(C162,Recipes!$A$2:$N$4,12,FALSE()) -> 0.061509461 | L162: =J162-3*K162 -> 9.426805 | M162: =J162+3*K162 -> 9.7958617 | N162: =IF(G162="","",IF(AND(G162>=L162,G162<=M162),"OK","NG")) -> NG | O162: =IF(N162="","",IF(N162=D162,1,0)) -> 1 | P162: =IF(G162="","",J162-G162) -> 1.9313333 | Q162: =IF(G162="","",ABS(P162-Components!$C$2)) -> 0.822 | R162: =IF(G162="","",ABS(P162-Components!$C$3)) -> 2.1046667 | S162: =IF(G162="","",ABS(P162-Components!$C$4)) -> 0.938 | T162: =IF(G162="","",ABS(P162-Components!$C$5)) -> 2.6313333 | U162: =IF(G162="","",ABS(P162-Components!$C$6)) -> 0.77566667 | V162: =IF(G162="","",ABS(P162-Components!$C$7)) -> 0.557 | W162: =IF(G162="","",IF(N162="OK","NONE",INDEX({"S1","S2","W1","W2","N1","N2"},MATCH(MIN(Q162:V162),Q162:V162,0)))) -> N2 | X162: =IF(G162="","",IF(W162=E162,1,0)) -> 0
A163: 161 | B163: 15 | C163: R6 | D163: NG | E163: N2 | F163: K049 | G163: 7.29 | J163: =VLOOKUP(C163,Recipes!$A$2:$N$4,10,FALSE()) -> 9.6113333 | K163: =VLOOKUP(C163,Recipes!$A$2:$N$4,12,FALSE()) -> 0.061509461 | L163: =J163-3*K163 -> 9.426805 | M163: =J163+3*K163 -> 9.7958617 | N163: =IF(G163="","",IF(AND(G163>=L163,G163<=M163),"OK","NG")) -> NG | O163: =IF(N163="","",IF(N163=D163,1,0)) -> 1 | P163: =IF(G163="","",J163-G163) -> 2.3213333 | Q163: =IF(G163="","",ABS(P163-Components!$C$2)) -> 0.432 | R163: =IF(G163="","",ABS(P163-Components!$C$3)) -> 1.7146667 | S163: =IF(G163="","",ABS(P163-Components!$C$4)) -> 1.328 | T163: =IF(G163="","",ABS(P163-Components!$C$5)) -> 2.2413333 | U163: =IF(G163="","",ABS(P163-Components!$C$6)) -> 1.1656667 | V163: =IF(G163="","",ABS(P163-Components!$C$7)) -> 0.947 | W163: =IF(G163="","",IF(N163="OK","NONE",INDEX({"S1","S2","W1","W2","N1","N2"},MATCH(MIN(Q163:V163),Q163:V163,0)))) -> S1 | X163: =IF(G163="","",IF(W163=E163,1,0)) -> 0
A164: 162 | B164: 16 | C164: R6 | D164: NG | E164: N2 | F164: K050 | G164: 7.16 | J164: =VLOOKUP(C164,Recipes!$A$2:$N$4,10,FALSE()) -> 9.6113333 | K164: =VLOOKUP(C164,Recipes!$A$2:$N$4,12,FALSE()) -> 0.061509461 | L164: =J164-3*K164 -> 9.426805 | M164: =J164+3*K164 -> 9.7958617 | N164: =IF(G164="","",IF(AND(G164>=L164,G164<=M164),"OK","NG")) -> NG | O164: =IF(N164="","",IF(N164=D164,1,0)) -> 1 | P164: =IF(G164="","",J164-G164) -> 2.4513333 | Q164: =IF(G164="","",ABS(P164-Components!$C$2)) -> 0.302 | R164: =IF(G164="","",ABS(P164-Components!$C$3)) -> 1.5846667 | S164: =IF(G164="","",ABS(P164-Components!$C$4)) -> 1.458 | T164: =IF(G164="","",ABS(P164-Components!$C$5)) -> 2.1113333 | U164: =IF(G164="","",ABS(P164-Components!$C$6)) -> 1.2956667 | V164: =IF(G164="","",ABS(P164-Components!$C$7)) -> 1.077 | W164: =IF(G164="","",IF(N164="OK","NONE",INDEX({"S1","S2","W1","W2","N1","N2"},MATCH(MIN(Q164:V164),Q164:V164,0)))) -> S1 | X164: =IF(G164="","",IF(W164=E164,1,0)) -> 0
A165: 163 | B165: 18 | C165: R6 | D165: NG | E165: N2 | F165: K051 | G165: 7.23 | J165: =VLOOKUP(C165,Recipes!$A$2:$N$4,10,FALSE()) -> 9.6113333 | K165: =VLOOKUP(C165,Recipes!$A$2:$N$4,12,FALSE()) -> 0.061509461 | L165: =J165-3*K165 -> 9.426805 | M165: =J165+3*K165 -> 9.7958617 | N165: =IF(G165="","",IF(AND(G165>=L165,G165<=M165),"OK","NG")) -> NG | O165: =IF(N165="","",IF(N165=D165,1,0)) -> 1 | P165: =IF(G165="","",J165-G165) -> 2.3813333 | Q165: =IF(G165="","",ABS(P165-Components!$C$2)) -> 0.372 | R165: =IF(G165="","",ABS(P165-Components!$C$3)) -> 1.6546667 | S165: =IF(G165="","",ABS(P165-Components!$C$4)) -> 1.388 | T165: =IF(G165="","",ABS(P165-Components!$C$5)) -> 2.1813333 | U165: =IF(G165="","",ABS(P165-Components!$C$6)) -> 1.2256667 | V165: =IF(G165="","",ABS(P165-Components!$C$7)) -> 1.007 | W165: =IF(G165="","",IF(N165="OK","NONE",INDEX({"S1","S2","W1","W2","N1","N2"},MATCH(MIN(Q165:V165),Q165:V165,0)))) -> S1 | X165: =IF(G165="","",IF(W165=E165,1,0)) -> 0
A166: 164 | C166: R6 | D166: NG | E166: N2 | G166: 7.25 | J166: =VLOOKUP(C166,Recipes!$A$2:$N$4,10,FALSE()) -> 9.6113333 | K166: =VLOOKUP(C166,Recipes!$A$2:$N$4,12,FALSE()) -> 0.061509461 | L166: =J166-3*K166 -> 9.426805 | M166: =J166+3*K166 -> 9.7958617 | N166: =IF(G166="","",IF(AND(G166>=L166,G166<=M166),"OK","NG")) -> NG | O166: =IF(N166="","",IF(N166=D166,1,0)) -> 1 | P166: =IF(G166="","",J166-G166) -> 2.3613333 | Q166: =IF(G166="","",ABS(P166-Components!$C$2)) -> 0.392 | R166: =IF(G166="","",ABS(P166-Components!$C$3)) -> 1.6746667 | S166: =IF(G166="","",ABS(P166-Components!$C$4)) -> 1.368 | T166: =IF(G166="","",ABS(P166-Components!$C$5)) -> 2.2013333 | U166: =IF(G166="","",ABS(P166-Components!$C$6)) -> 1.2056667 | V166: =IF(G166="","",ABS(P166-Components!$C$7)) -> 0.987 | W166: =IF(G166="","",IF(N166="OK","NONE",INDEX({"S1","S2","W1","W2","N1","N2"},MATCH(MIN(Q166:V166),Q166:V166,0)))) -> S1 | X166: =IF(G166="","",IF(W166=E166,1,0)) -> 0
A167: 165 | C167: R6 | D167: NG | E167: N2 | G167: 7.2 | J167: =VLOOKUP(C167,Recipes!$A$2:$N$4,10,FALSE()) -> 9.6113333 | K167: =VLOOKUP(C167,Recipes!$A$2:$N$4,12,FALSE()) -> 0.061509461 | L167: =J167-3*K167 -> 9.426805 | M167: =J167+3*K167 -> 9.7958617 | N167: =IF(G167="","",IF(AND(G167>=L167,G167<=M167),"OK","NG")) -> NG | O167: =IF(N167="","",IF(N167=D167,1,0)) -> 1 | P167: =IF(G167="","",J167-G167) -> 2.4113333 | Q167: =IF(G167="","",ABS(P167-Components!$C$2)) -> 0.342 | R167: =IF(G167="","",ABS(P167-Components!$C$3)) -> 1.6246667 | S167: =IF(G167="","",ABS(P167-Components!$C$4)) -> 1.418 | T167: =IF(G167="","",ABS(P167-Components!$C$5)) -> 2.1513333 | U167: =IF(G167="","",ABS(P167-Components!$C$6)) -> 1.2556667 | V167: =IF(G167="","",ABS(P167-Components!$C$7)) -> 1.037 | W167: =IF(G167="","",IF(N167="OK","NONE",INDEX({"S1","S2","W1","W2","N1","N2"},MATCH(MIN(Q167:V167),Q167:V167,0)))) -> S1 | X167: =IF(G167="","",IF(W167=E167,1,0)) -> 0
A168: 166 | B168: 48 | C168: R6 | D168: NG | E168: N1 | F168: K052 | G168: 7.45 | J168: =VLOOKUP(C168,Recipes!$A$2:$N$4,10,FALSE()) -> 9.6113333 | K168: =VLOOKUP(C168,Recipes!$A$2:$N$4,12,FALSE()) -> 0.061509461 | L168: =J168-3*K168 -> 9.426805 | M168: =J168+3*K168 -> 9.7958617 | N168: =IF(G168="","",IF(AND(G168>=L168,G168<=M168),"OK","NG")) -> NG | O168: =IF(N168="","",IF(N168=D168,1,0)) -> 1 | P168: =IF(G168="","",J168-G168) -> 2.1613333 | Q168: =IF(G168="","",ABS(P168-Components!$C$2)) -> 0.592 | R168: =IF(G168="","",ABS(P168-Components!$C$3)) -> 1.8746667 | S168: =IF(G168="","",ABS(P168-Components!$C$4)) -> 1.168 | T168: =IF(G168="","",ABS(P168-Components!$C$5)) -> 2.4013333 | U168: =IF(G168="","",ABS(P168-Components!$C$6)) -> 1.0056667 | V168: =IF(G168="","",ABS(P168-Components!$C$7)) -> 0.787 | W168: =IF(G168="","",IF(N168="OK","NONE",INDEX({"S1","S2","W1","W2","N1","N2"},MATCH(MIN(Q168:V168),Q168:V168,0)))) -> S1 | X168: =IF(G168="","",IF(W168=E168,1,0)) -> 0
A169: 167 | B169: 2 | C169: R6 | D169: NG | E169: N1 | F169: K053 | G169: 7.45 | J169: =VLOOKUP(C169,Recipes!$A$2:$N$4,10,FALSE()) -> 9.6113333 | K169: =VLOOKUP(C169,Recipes!$A$2:$N$4,12,FALSE()) -> 0.061509461 | L169: =J169-3*K169 -> 9.426805 | M169: =J169+3*K169 -> 9.7958617 | N169: =IF(G169="","",IF(AND(G169>=L169,G169<=M169),"OK","NG")) -> NG | O169: =IF(N169="","",IF(N169=D169,1,0)) -> 1 | P169: =IF(G169="","",J169-G169) -> 2.1613333 | Q169: =IF(G169="","",ABS(P169-Components!$C$2)) -> 0.592 | R169: =IF(G169="","",ABS(P169-Components!$C$3)) -> 1.8746667 | S169: =IF(G169="","",ABS(P169-Components!$C$4)) -> 1.168 | T169: =IF(G169="","",ABS(P169-Components!$C$5)) -> 2.4013333 | U169: =IF(G169="","",ABS(P169-Components!$C$6)) -> 1.0056667 | V169: =IF(G169="","",ABS(P169-Components!$C$7)) -> 0.787 | W169: =IF(G169="","",IF(N169="OK","NONE",INDEX({"S1","S2","W1","W2","N1","N2"},MATCH(MIN(Q169:V169),Q169:V169,0)))) -> S1 | X169: =IF(G169="","",IF(W169=E169,1,0)) -> 0
A170: 168 | C170: R6 | D170: NG | E170: N1 | G170: 7.44 | J170: =VLOOKUP(C170,Recipes!$A$2:$N$4,10,FALSE()) -> 9.6113333 | K170: =VLOOKUP(C170,Recipes!$A$2:$N$4,12,FALSE()) -> 0.061509461 | L170: =J170-3*K170 -> 9.426805 | M170: =J170+3*K170 -> 9.7958617 | N170: =IF(G170="","",IF(AND(G170>=L170,G170<=M170),"OK","NG")) -> NG | O170: =IF(N170="","",IF(N170=D170,1,0)) -> 1 | P170: =IF(G170="","",J170-G170) -> 2.1713333 | Q170: =IF(G170="","",ABS(P170-Components!$C$2)) -> 0.582 | R170: =IF(G170="","",ABS(P170-Components!$C$3)) -> 1.8646667 | S170: =IF(G170="","",ABS(P170-Components!$C$4)) -> 1.178 | T170: =IF(G170="","",ABS(P170-Components!$C$5)) -> 2.3913333 | U170: =IF(G170="","",ABS(P170-Components!$C$6)) -> 1.0156667 | V170: =IF(G170="","",ABS(P170-Components!$C$7)) -> 0.797 | W170: =IF(G170="","",IF(N170="OK","NONE",INDEX({"S1","S2","W1","W2","N1","N2"},MATCH(MIN(Q170:V170),Q170:V170,0)))) -> S1 | X170: =IF(G170="","",IF(W170=E170,1,0)) -> 0
A171: 169 | C171: R6 | D171: NG | E171: N1 | G171: 7.46 | J171: =VLOOKUP(C171,Recipes!$A$2:$N$4,10,FALSE()) -> 9.6113333 | K171: =VLOOKUP(C171,Recipes!$A$2:$N$4,12,FALSE()) -> 0.061509461 | L171: =J171-3*K171 -> 9.426805 | M171: =J171+3*K171 -> 9.7958617 | N171: =IF(G171="","",IF(AND(G171>=L171,G171<=M171),"OK","NG")) -> NG | O171: =IF(N171="","",IF(N171=D171,1,0)) -> 1 | P171: =IF(G171="","",J171-G171) -> 2.1513333 | Q171: =IF(G171="","",ABS(P171-Components!$C$2)) -> 0.602 | R171: =IF(G171="","",ABS(P171-Components!$C$3)) -> 1.8846667 | S171: =IF(G171="","",ABS(P171-Components!$C$4)) -> 1.158 | T171: =IF(G171="","",ABS(P171-Components!$C$5)) -> 2.4113333 | U171: =IF(G171="","",ABS(P171-Components!$C$6)) -> 0.99566667 | V171: =IF(G171="","",ABS(P171-Components!$C$7)) -> 0.777 | W171: =IF(G171="","",IF(N171="OK","NONE",INDEX({"S1","S2","W1","W2","N1","N2"},MATCH(MIN(Q171:V171),Q171:V171,0)))) -> S1 | X171: =IF(G171="","",IF(W171=E171,1,0)) -> 0
A172: 170 | C172: R6 | D172: NG | E172: N1 | G172: 7.47 | J172: =VLOOKUP(C172,Recipes!$A$2:$N$4,10,FALSE()) -> 9.6113333 | K172: =VLOOKUP(C172,Recipes!$A$2:$N$4,12,FALSE()) -> 0.061509461 | L172: =J172-3*K172 -> 9.426805 | M172: =J172+3*K172 -> 9.7958617 | N172: =IF(G172="","",IF(AND(G172>=L172,G172<=M172),"OK","NG")) -> NG | O172: =IF(N172="","",IF(N172=D172,1,0)) -> 1 | P172: =IF(G172="","",J172-G172) -> 2.1413333 | Q172: =IF(G172="","",ABS(P172-Components!$C$2)) -> 0.612 | R172: =IF(G172="","",ABS(P172-Components!$C$3)) -> 1.8946667 | S172: =IF(G172="","",ABS(P172-Components!$C$4)) -> 1.148 | T172: =IF(G172="","",ABS(P172-Components!$C$5)) -> 2.4213333 | U172: =IF(G172="","",ABS(P172-Components!$C$6)) -> 0.98566667 | V172: =IF(G172="","",ABS(P172-Components!$C$7)) -> 0.767 | W172: =IF(G172="","",IF(N172="OK","NONE",INDEX({"S1","S2","W1","W2","N1","N2"},MATCH(MIN(Q172:V172),Q172:V172,0)))) -> S1 | X172: =IF(G172="","",IF(W172=E172,1,0)) -> 0
A173: 171 | J173: =VLOOKUP(C173,Recipes!$A$2:$N$4,10,FALSE()) -> #N/A | K173: =VLOOKUP(C173,Recipes!$A$2:$N$4,12,FALSE()) -> #N/A | L173: =J173-3*K173 -> #N/A | M173: =J173+3*K173 -> #N/A | N173: =IF(G173="","",IF(AND(G173>=L173,G173<=M173),"OK","NG")) | O173: =IF(N173="","",IF(N173=D173,1,0)) | P173: =IF(G173="","",J173-G173) | Q173: =IF(G173="","",ABS(P173-Components!$C$2)) | R173: =IF(G173="","",ABS(P173-Components!$C$3)) | S173: =IF(G173="","",ABS(P173-Components!$C$4)) | T173: =IF(G173="","",ABS(P173-Components!$C$5)) | U173: =IF(G173="","",ABS(P173-Components!$C$6)) | V173: =IF(G173="","",ABS(P173-Components!$C$7)) | W173: =IF(G173="","",IF(N173="OK","NONE",INDEX({"S1","S2","W1","W2","N1","N2"},MATCH(MIN(Q173:V173),Q173:V173,0)))) | X173: =IF(G173="","",IF(W173=E173,1,0))
A174: 172 | J174: =VLOOKUP(C174,Recipes!$A$2:$N$4,10,FALSE()) -> #N/A | K174: =VLOOKUP(C174,Recipes!$A$2:$N$4,12,FALSE()) -> #N/A | L174: =J174-3*K174 -> #N/A | M174: =J174+3*K174 -> #N/A | N174: =IF(G174="","",IF(AND(G174>=L174,G174<=M174),"OK","NG")) | O174: =IF(N174="","",IF(N174=D174,1,0)) | P174: =IF(G174="","",J174-G174) | Q174: =IF(G174="","",ABS(P174-Components!$C$2)) | R174: =IF(G174="","",ABS(P174-Components!$C$3)) | S174: =IF(G174="","",ABS(P174-Components!$C$4)) | T174: =IF(G174="","",ABS(P174-Components!$C$5)) | U174: =IF(G174="","",ABS(P174-Components!$C$6)) | V174: =IF(G174="","",ABS(P174-Components!$C$7)) | W174: =IF(G174="","",IF(N174="OK","NONE",INDEX({"S1","S2","W1","W2","N1","N2"},MATCH(MIN(Q174:V174),Q174:V174,0)))) | X174: =IF(G174="","",IF(W174=E174,1,0))
A175: 173 | J175: =VLOOKUP(C175,Recipes!$A$2:$N$4,10,FALSE()) -> #N/A | K175: =VLOOKUP(C175,Recipes!$A$2:$N$4,12,FALSE()) -> #N/A | L175: =J175-3*K175 -> #N/A | M175: =J175+3*K175 -> #N/A | N175: =IF(G175="","",IF(AND(G175>=L175,G175<=M175),"OK","NG")) | O175: =IF(N175="","",IF(N175=D175,1,0)) | P175: =IF(G175="","",J175-G175) | Q175: =IF(G175="","",ABS(P175-Components!$C$2)) | R175: =IF(G175="","",ABS(P175-Components!$C$3)) | S175: =IF(G175="","",ABS(P175-Components!$C$4)) | T175: =IF(G175="","",ABS(P175-Components!$C$5)) | U175: =IF(G175="","",ABS(P175-Components!$C$6)) | V175: =IF(G175="","",ABS(P175-Components!$C$7)) | W175: =IF(G175="","",IF(N175="OK","NONE",INDEX({"S1","S2","W1","W2","N1","N2"},MATCH(MIN(Q175:V175),Q175:V175,0)))) | X175: =IF(G175="","",IF(W175=E175,1,0))
A176: 174 | J176: =VLOOKUP(C176,Recipes!$A$2:$N$4,10,FALSE()) -> #N/A | K176: =VLOOKUP(C176,Recipes!$A$2:$N$4,12,FALSE()) -> #N/A | L176: =J176-3*K176 -> #N/A | M176: =J176+3*K176 -> #N/A | N176: =IF(G176="","",IF(AND(G176>=L176,G176<=M176),"OK","NG")) | O176: =IF(N176="","",IF(N176=D176,1,0)) | P176: =IF(G176="","",J176-G176) | Q176: =IF(G176="","",ABS(P176-Components!$C$2)) | R176: =IF(G176="","",ABS(P176-Components!$C$3)) | S176: =IF(G176="","",ABS(P176-Components!$C$4)) | T176: =IF(G176="","",ABS(P176-Components!$C$5)) | U176: =IF(G176="","",ABS(P176-Components!$C$6)) | V176: =IF(G176="","",ABS(P176-Components!$C$7)) | W176: =IF(G176="","",IF(N176="OK","NONE",INDEX({"S1","S2","W1","W2","N1","N2"},MATCH(MIN(Q176:V176),Q176:V176,0)))) | X176: =IF(G176="","",IF(W176=E176,1,0))
A177: 175 | J177: =VLOOKUP(C177,Recipes!$A$2:$N$4,10,FALSE()) -> #N/A | K177: =VLOOKUP(C177,Recipes!$A$2:$N$4,12,FALSE()) -> #N/A | L177: =J177-3*K177 -> #N/A | M177: =J177+3*K177 -> #N/A | N177: =IF(G177="","",IF(AND(G177>=L177,G177<=M177),"OK","NG")) | O177: =IF(N177="","",IF(N177=D177,1,0)) | P177: =IF(G177="","",J177-G177) | Q177: =IF(G177="","",ABS(P177-Components!$C$2)) | R177: =IF(G177="","",ABS(P177-Components!$C$3)) | S177: =IF(G177="","",ABS(P177-Components!$C$4)) | T177: =IF(G177="","",ABS(P177-Components!$C$5)) | U177: =IF(G177="","",ABS(P177-Components!$C$6)) | V177: =IF(G177="","",ABS(P177-Components!$C$7)) | W177: =IF(G177="","",IF(N177="OK","NONE",INDEX({"S1","S2","W1","W2","N1","N2"},MATCH(MIN(Q177:V177),Q177:V177,0)))) | X177: =IF(G177="","",IF(W177=E177,1,0))
A178: 176 | J178: =VLOOKUP(C178,Recipes!$A$2:$N$4,10,FALSE()) -> #N/A | K178: =VLOOKUP(C178,Recipes!$A$2:$N$4,12,FALSE()) -> #N/A | L178: =J178-3*K178 -> #N/A | M178: =J178+3*K178 -> #N/A | N178: =IF(G178="","",IF(AND(G178>=L178,G178<=M178),"OK","NG")) | O178: =IF(N178="","",IF(N178=D178,1,0)) | P178: =IF(G178="","",J178-G178) | Q178: =IF(G178="","",ABS(P178-Components!$C$2)) | R178: =IF(G178="","",ABS(P178-Components!$C$3)) | S178: =IF(G178="","",ABS(P178-Components!$C$4)) | T178: =IF(G178="","",ABS(P178-Components!$C$5)) | U178: =IF(G178="","",ABS(P178-Components!$C$6)) | V178: =IF(G178="","",ABS(P178-Components!$C$7)) | W178: =IF(G178="","",IF(N178="OK","NONE",INDEX({"S1","S2","W1","W2","N1","N2"},MATCH(MIN(Q178:V178),Q178:V178,0)))) | X178: =IF(G178="","",IF(W178=E178,1,0))
A179: 177 | J179: =VLOOKUP(C179,Recipes!$A$2:$N$4,10,FALSE()) -> #N/A | K179: =VLOOKUP(C179,Recipes!$A$2:$N$4,12,FALSE()) -> #N/A | L179: =J179-3*K179 -> #N/A | M179: =J179+3*K179 -> #N/A | N179: =IF(G179="","",IF(AND(G179>=L179,G179<=M179),"OK","NG")) | O179: =IF(N179="","",IF(N179=D179,1,0)) | P179: =IF(G179="","",J179-G179) | Q179: =IF(G179="","",ABS(P179-Components!$C$2)) | R179: =IF(G179="","",ABS(P179-Components!$C$3)) | S179: =IF(G179="","",ABS(P179-Components!$C$4)) | T179: =IF(G179="","",ABS(P179-Components!$C$5)) | U179: =IF(G179="","",ABS(P179-Components!$C$6)) | V179: =IF(G179="","",ABS(P179-Components!$C$7)) | W179: =IF(G179="","",IF(N179="OK","NONE",INDEX({"S1","S2","W1","W2","N1","N2"},MATCH(MIN(Q179:V179),Q179:V179,0)))) | X179: =IF(G179="","",IF(W179=E179,1,0))
A180: 178 | J180: =VLOOKUP(C180,Recipes!$A$2:$N$4,10,FALSE()) -> #N/A | K180: =VLOOKUP(C180,Recipes!$A$2:$N$4,12,FALSE()) -> #N/A | L180: =J180-3*K180 -> #N/A | M180: =J180+3*K180 -> #N/A | N180: =IF(G180="","",IF(AND(G180>=L180,G180<=M180),"OK","NG")) | O180: =IF(N180="","",IF(N180=D180,1,0)) | P180: =IF(G180="","",J180-G180) | Q180: =IF(G180="","",ABS(P180-Components!$C$2)) | R180: =IF(G180="","",ABS(P180-Components!$C$3)) | S180: =IF(G180="","",ABS(P180-Components!$C$4)) | T180: =IF(G180="","",ABS(P180-Components!$C$5)) | U180: =IF(G180="","",ABS(P180-Components!$C$6)) | V180: =IF(G180="","",ABS(P180-Components!$C$7)) | W180: =IF(G180="","",IF(N180="OK","NONE",INDEX({"S1","S2","W1","W2","N1","N2"},MATCH(MIN(Q180:V180),Q180:V180,0)))) | X180: =IF(G180="","",IF(W180=E180,1,0))
A181: 179 | J181: =VLOOKUP(C181,Recipes!$A$2:$N$4,10,FALSE()) -> #N/A | K181: =VLOOKUP(C181,Recipes!$A$2:$N$4,12,FALSE()) -> #N/A | L181: =J181-3*K181 -> #N/A | M181: =J181+3*K181 -> #N/A | N181: =IF(G181="","",IF(AND(G181>=L181,G181<=M181),"OK","NG")) | O181: =IF(N181="","",IF(N181=D181,1,0)) | P181: =IF(G181="","",J181-G181) | Q181: =IF(G181="","",ABS(P181-Components!$C$2)) | R181: =IF(G181="","",ABS(P181-Components!$C$3)) | S181: =IF(G181="","",ABS(P181-Components!$C$4)) | T181: =IF(G181="","",ABS(P181-Components!$C$5)) | U181: =IF(G181="","",ABS(P181-Components!$C$6)) | V181: =IF(G181="","",ABS(P181-Components!$C$7)) | W181: =IF(G181="","",IF(N181="OK","NONE",INDEX({"S1","S2","W1","W2","N1","N2"},MATCH(MIN(Q181:V181),Q181:V181,0)))) | X181: =IF(G181="","",IF(W181=E181,1,0))
A182: 180 | J182: =VLOOKUP(C182,Recipes!$A$2:$N$4,10,FALSE()) -> #N/A | K182: =VLOOKUP(C182,Recipes!$A$2:$N$4,12,FALSE()) -> #N/A | L182: =J182-3*K182 -> #N/A | M182: =J182+3*K182 -> #N/A | N182: =IF(G182="","",IF(AND(G182>=L182,G182<=M182),"OK","NG")) | O182: =IF(N182="","",IF(N182=D182,1,0)) | P182: =IF(G182="","",J182-G182) | Q182: =IF(G182="","",ABS(P182-Components!$C$2)) | R182: =IF(G182="","",ABS(P182-Components!$C$3)) | S182: =IF(G182="","",ABS(P182-Components!$C$4)) | T182: =IF(G182="","",ABS(P182-Components!$C$5)) | U182: =IF(G182="","",ABS(P182-Components!$C$6)) | V182: =IF(G182="","",ABS(P182-Components!$C$7)) | W182: =IF(G182="","",IF(N182="OK","NONE",INDEX({"S1","S2","W1","W2","N1","N2"},MATCH(MIN(Q182:V182),Q182:V182,0)))) | X182: =IF(G182="","",IF(W182=E182,1,0))
A183: 181 | J183: =VLOOKUP(C183,Recipes!$A$2:$N$4,10,FALSE()) -> #N/A | K183: =VLOOKUP(C183,Recipes!$A$2:$N$4,12,FALSE()) -> #N/A | L183: =J183-3*K183 -> #N/A | M183: =J183+3*K183 -> #N/A | N183: =IF(G183="","",IF(AND(G183>=L183,G183<=M183),"OK","NG")) | O183: =IF(N183="","",IF(N183=D183,1,0)) | P183: =IF(G183="","",J183-G183) | Q183: =IF(G183="","",ABS(P183-Components!$C$2)) | R183: =IF(G183="","",ABS(P183-Components!$C$3)) | S183: =IF(G183="","",ABS(P183-Components!$C$4)) | T183: =IF(G183="","",ABS(P183-Components!$C$5)) | U183: =IF(G183="","",ABS(P183-Components!$C$6)) | V183: =IF(G183="","",ABS(P183-Components!$C$7)) | W183: =IF(G183="","",IF(N183="OK","NONE",INDEX({"S1","S2","W1","W2","N1","N2"},MATCH(MIN(Q183:V183),Q183:V183,0)))) | X183: =IF(G183="","",IF(W183=E183,1,0))
A184: 182 | J184: =VLOOKUP(C184,Recipes!$A$2:$N$4,10,FALSE()) -> #N/A | K184: =VLOOKUP(C184,Recipes!$A$2:$N$4,12,FALSE()) -> #N/A | L184: =J184-3*K184 -> #N/A | M184: =J184+3*K184 -> #N/A | N184: =IF(G184="","",IF(AND(G184>=L184,G184<=M184),"OK","NG")) | O184: =IF(N184="","",IF(N184=D184,1,0)) | P184: =IF(G184="","",J184-G184) | Q184: =IF(G184="","",ABS(P184-Components!$C$2)) | R184: =IF(G184="","",ABS(P184-Components!$C$3)) | S184: =IF(G184="","",ABS(P184-Components!$C$4)) | T184: =IF(G184="","",ABS(P184-Components!$C$5)) | U184: =IF(G184="","",ABS(P184-Components!$C$6)) | V184: =IF(G184="","",ABS(P184-Components!$C$7)) | W184: =IF(G184="","",IF(N184="OK","NONE",INDEX({"S1","S2","W1","W2","N1","N2"},MATCH(MIN(Q184:V184),Q184:V184,0)))) | X184: =IF(G184="","",IF(W184=E184,1,0))
... A422: 420 | J422: =VLOOKUP(C422,Recipes!$A$2:$N$4,10,FALSE()) -> #N/A | K422: =VLOOKUP(C422,Recipes!$A$2:$N$4,12,FALSE()) -> #N/A | L422: =J422-3*K422 -> #N/A | M422: =J422+3*K422 -> #N/A | N422: =IF(G422="","",IF(AND(G422>=L422,G422<=M422),"OK","NG")) | O422: =IF(N422="","",IF(N422=D422,1,0)) | P422: =IF(G422="","",J422-G422) | Q422: =IF(G422="","",ABS(P422-Components!$C$2)) | R422: =IF(G422="","",ABS(P422-Components!$C$3)) | S422: =IF(G422="","",ABS(P422-Components!$C$4)) | T422: =IF(G422="","",ABS(P422-Components!$C$5)) | U422: =IF(G422="","",ABS(P422-Components!$C$6)) | V422: =IF(G422="","",ABS(P422-Components!$C$7)) | W422: =IF(G422="","",IF(N422="OK","NONE",INDEX({"S1","S2","W1","W2","N1","N2"},MATCH(MIN(Q422:V422),Q422:V422,0)))) | X422: =IF(G422="","",IF(W422=E422,1,0))

Sheet Runs Distance + 3.5 Sigma
A2: run_id | B2: execution_order | C2: recipe | D2: condition | E2: missing_component | F2: measured_weight_g | G2: measured_weight_w/PB | H2: notes | I2: expected_weight | J2: expected_std | K2: lower_bound | L2: upper_bound | M2: predicted_OK_NG | N2: L1_correct | O2: deficit | P2: match_S1 | Q2: match_S2 | R2: match_W1 | S2: match_W2 | T2: match_N1 | U2: match_N2 | V2: predicted_missing | W2: L2_correct | X2: 16 errores
A3: 1 | B3: 1 | C3: R3 | D3: OK | E3: NONE | F3: 9.91 | G3: =0.97+F3 -> 10.88 | I3: =VLOOKUP(C3,Recipes!$A$2:$N$4,10,FALSE()) -> 10.94 | J3: =VLOOKUP(C3,Recipes!$A$2:$N$4,12,FALSE()) -> 0.052703574 | K3: =I3-3.5*J3 -> 10.755537 | L3: =I3+3.5*J3 -> 11.124463 | M3: =IF(G3="","",IF(AND(G3>=K3,G3<=L3),"OK","NG")) -> OK | N3: =IF(M3="","",IF(M3=D3,1,0)) -> 1 | O3: =IF(G3="","",I3-G3) -> 0.06 | P3: =IF(G3="","",ABS(O3-Components!$C$2)) -> 2.6933333 | Q3: =IF(G3="","",ABS(O3-Components!$C$3)) -> 3.976 | R3: =IF(G3="","",ABS(O3-Components!$C$4)) -> 0.93333333 | S3: =IF(G3="","",ABS(O3-Components!$C$5)) -> 4.5026667 | T3: =IF(G3="","",ABS(O3-Components!$C$6)) -> 1.0956667 | U3: =IF(G3="","",ABS(O3-Components!$C$7)) -> 1.3143333 | V3: =IF(G3="","",IF(M3="OK","NONE",INDEX({"S1","S2","W1","W2","N1","N2"},MATCH(MIN(P3:U3),P3:U3,0)))) -> NONE | W3: =IF(G3="","",IF(V3=E3,1,0)) -> 1
A4: 2 | B4: 1 | C4: R3 | D4: OK | E4: NONE | F4: 10 | G4: =0.97+F4 -> 10.97 | I4: =VLOOKUP(C4,Recipes!$A$2:$N$4,10,FALSE()) -> 10.94 | J4: =VLOOKUP(C4,Recipes!$A$2:$N$4,12,FALSE()) -> 0.052703574 | K4: =I4-3.5*J4 -> 10.755537 | L4: =I4+3.5*J4 -> 11.124463 | M4: =IF(G4="","",IF(AND(G4>=K4,G4<=L4),"OK","NG")) -> OK | N4: =IF(M4="","",IF(M4=D4,1,0)) -> 1 | O4: =IF(G4="","",I4-G4) -> -0.03 | P4: =IF(G4="","",ABS(O4-Components!$C$2)) -> 2.7833333 | Q4: =IF(G4="","",ABS(O4-Components!$C$3)) -> 4.066 | R4: =IF(G4="","",ABS(O4-Components!$C$4)) -> 1.0233333 | S4: =IF(G4="","",ABS(O4-Components!$C$5)) -> 4.5926667 | T4: =IF(G4="","",ABS(O4-Components!$C$6)) -> 1.1856667 | U4: =IF(G4="","",ABS(O4-Components!$C$7)) -> 1.4043333 | V4: =IF(G4="","",IF(M4="OK","NONE",INDEX({"S1","S2","W1","W2","N1","N2"},MATCH(MIN(P4:U4),P4:U4,0)))) -> NONE | W4: =IF(G4="","",IF(V4=E4,1,0)) -> 1
A5: 3 | B5: 1 | C5: R3 | D5: OK | E5: NONE | F5: 10 | G5: =0.97+F5 -> 10.97 | I5: =VLOOKUP(C5,Recipes!$A$2:$N$4,10,FALSE()) -> 10.94 | J5: =VLOOKUP(C5,Recipes!$A$2:$N$4,12,FALSE()) -> 0.052703574 | K5: =I5-3.5*J5 -> 10.755537 | L5: =I5+3.5*J5 -> 11.124463 | M5: =IF(G5="","",IF(AND(G5>=K5,G5<=L5),"OK","NG")) -> OK | N5: =IF(M5="","",IF(M5=D5,1,0)) -> 1 | O5: =IF(G5="","",I5-G5) -> -0.03 | P5: =IF(G5="","",ABS(O5-Components!$C$2)) -> 2.7833333 | Q5: =IF(G5="","",ABS(O5-Components!$C$3)) -> 4.066 | R5: =IF(G5="","",ABS(O5-Components!$C$4)) -> 1.0233333 | S5: =IF(G5="","",ABS(O5-Components!$C$5)) -> 4.5926667 | T5: =IF(G5="","",ABS(O5-Components!$C$6)) -> 1.1856667 | U5: =IF(G5="","",ABS(O5-Components!$C$7)) -> 1.4043333 | V5: =IF(G5="","",IF(M5="OK","NONE",INDEX({"S1","S2","W1","W2","N1","N2"},MATCH(MIN(P5:U5),P5:U5,0)))) -> NONE | W5: =IF(G5="","",IF(V5=E5,1,0)) -> 1
A6: 4 | B6: 1 | C6: R3 | D6: OK | E6: NONE | F6: 9.91 | G6: =0.97+F6 -> 10.88 | I6: =VLOOKUP(C6,Recipes!$A$2:$N$4,10,FALSE()) -> 10.94 | J6: =VLOOKUP(C6,Recipes!$A$2:$N$4,12,FALSE()) -> 0.052703574 | K6: =I6-3.5*J6 -> 10.755537 | L6: =I6+3.5*J6 -> 11.124463 | M6: =IF(G6="","",IF(AND(G6>=K6,G6<=L6),"OK","NG")) -> OK | N6: =IF(M6="","",IF(M6=D6,1,0)) -> 1 | O6: =IF(G6="","",I6-G6) -> 0.06 | P6: =IF(G6="","",ABS(O6-Components!$C$2)) -> 2.6933333 | Q6: =IF(G6="","",ABS(O6-Components!$C$3)) -> 3.976 | R6: =IF(G6="","",ABS(O6-Components!$C$4)) -> 0.93333333 | S6: =IF(G6="","",ABS(O6-Components!$C$5)) -> 4.5026667 | T6: =IF(G6="","",ABS(O6-Components!$C$6)) -> 1.0956667 | U6: =IF(G6="","",ABS(O6-Components!$C$7)) -> 1.3143333 | V6: =IF(G6="","",IF(M6="OK","NONE",INDEX({"S1","S2","W1","W2","N1","N2"},MATCH(MIN(P6:U6),P6:U6,0)))) -> NONE | W6: =IF(G6="","",IF(V6=E6,1,0)) -> 1
A7: 5 | B7: 1 | C7: R3 | D7: OK | E7: NONE | F7: 10.04 | G7: =0.97+F7 -> 11.01 | I7: =VLOOKUP(C7,Recipes!$A$2:$N$4,10,FALSE()) -> 10.94 | J7: =VLOOKUP(C7,Recipes!$A$2:$N$4,12,FALSE()) -> 0.052703574 | K7: =I7-3.5*J7 -> 10.755537 | L7: =I7+3.5*J7 -> 11.124463 | M7: =IF(G7="","",IF(AND(G7>=K7,G7<=L7),"OK","NG")) -> OK | N7: =IF(M7="","",IF(M7=D7,1,0)) -> 1 | O7: =IF(G7="","",I7-G7) -> -0.07 | P7: =IF(G7="","",ABS(O7-Components!$C$2)) -> 2.8233333 | Q7: =IF(G7="","",ABS(O7-Components!$C$3)) -> 4.106 | R7: =IF(G7="","",ABS(O7-Components!$C$4)) -> 1.0633333 | S7: =IF(G7="","",ABS(O7-Components!$C$5)) -> 4.6326667 | T7: =IF(G7="","",ABS(O7-Components!$C$6)) -> 1.2256667 | U7: =IF(G7="","",ABS(O7-Components!$C$7)) -> 1.4443333 | V7: =IF(G7="","",IF(M7="OK","NONE",INDEX({"S1","S2","W1","W2","N1","N2"},MATCH(MIN(P7:U7),P7:U7,0)))) -> NONE | W7: =IF(G7="","",IF(V7=E7,1,0)) -> 1
A8: 6 | B8: 1 | C8: R3 | D8: OK | E8: NONE | F8: 9.84 | G8: =0.97+F8 -> 10.81 | I8: =VLOOKUP(C8,Recipes!$A$2:$N$4,10,FALSE()) -> 10.94 | J8: =VLOOKUP(C8,Recipes!$A$2:$N$4,12,FALSE()) -> 0.052703574 | K8: =I8-3.5*J8 -> 10.755537 | L8: =I8+3.5*J8 -> 11.124463 | M8: =IF(G8="","",IF(AND(G8>=K8,G8<=L8),"OK","NG")) -> OK | N8: =IF(M8="","",IF(M8=D8,1,0)) -> 1 | O8: =IF(G8="","",I8-G8) -> 0.13 | P8: =IF(G8="","",ABS(O8-Components!$C$2)) -> 2.6233333 | Q8: =IF(G8="","",ABS(O8-Components!$C$3)) -> 3.906 | R8: =IF(G8="","",ABS(O8-Components!$C$4)) -> 0.86333333 | S8: =IF(G8="","",ABS(O8-Components!$C$5)) -> 4.4326667 | T8: =IF(G8="","",ABS(O8-Components!$C$6)) -> 1.0256667 | U8: =IF(G8="","",ABS(O8-Components!$C$7)) -> 1.2443333 | V8: =IF(G8="","",IF(M8="OK","NONE",INDEX({"S1","S2","W1","W2","N1","N2"},MATCH(MIN(P8:U8),P8:U8,0)))) -> NONE | W8: =IF(G8="","",IF(V8=E8,1,0)) -> 1
A9: 7 | B9: 1 | C9: R3 | D9: OK | E9: NONE | F9: 9.9 | G9: =0.97+F9 -> 10.87 | I9: =VLOOKUP(C9,Recipes!$A$2:$N$4,10,FALSE()) -> 10.94 | J9: =VLOOKUP(C9,Recipes!$A$2:$N$4,12,FALSE()) -> 0.052703574 | K9: =I9-3.5*J9 -> 10.755537 | L9: =I9+3.5*J9 -> 11.124463 | M9: =IF(G9="","",IF(AND(G9>=K9,G9<=L9),"OK","NG")) -> OK | N9: =IF(M9="","",IF(M9=D9,1,0)) -> 1 | O9: =IF(G9="","",I9-G9) -> 0.07 | P9: =IF(G9="","",ABS(O9-Components!$C$2)) -> 2.6833333 | Q9: =IF(G9="","",ABS(O9-Components!$C$3)) -> 3.966 | R9: =IF(G9="","",ABS(O9-Components!$C$4)) -> 0.92333333 | S9: =IF(G9="","",ABS(O9-Components!$C$5)) -> 4.4926667 | T9: =IF(G9="","",ABS(O9-Components!$C$6)) -> 1.0856667 | U9: =IF(G9="","",ABS(O9-Components!$C$7)) -> 1.3043333 | V9: =IF(G9="","",IF(M9="OK","NONE",INDEX({"S1","S2","W1","W2","N1","N2"},MATCH(MIN(P9:U9),P9:U9,0)))) -> NONE | W9: =IF(G9="","",IF(V9=E9,1,0)) -> 1
A10: 8 | B10: 1 | C10: R3 | D10: OK | E10: NONE | F10: 9.92 | G10: =0.97+F10 -> 10.89 | I10: =VLOOKUP(C10,Recipes!$A$2:$N$4,10,FALSE()) -> 10.94 | J10: =VLOOKUP(C10,Recipes!$A$2:$N$4,12,FALSE()) -> 0.052703574 | K10: =I10-3.5*J10 -> 10.755537 | L10: =I10+3.5*J10 -> 11.124463 | M10: =IF(G10="","",IF(AND(G10>=K10,G10<=L10),"OK","NG")) -> OK | N10: =IF(M10="","",IF(M10=D10,1,0)) -> 1 | O10: =IF(G10="","",I10-G10) -> 0.05 | P10: =IF(G10="","",ABS(O10-Components!$C$2)) -> 2.7033333 | Q10: =IF(G10="","",ABS(O10-Components!$C$3)) -> 3.986 | R10: =IF(G10="","",ABS(O10-Components!$C$4)) -> 0.94333333 | S10: =IF(G10="","",ABS(O10-Components!$C$5)) -> 4.5126667 | T10: =IF(G10="","",ABS(O10-Components!$C$6)) -> 1.1056667 | U10: =IF(G10="","",ABS(O10-Components!$C$7)) -> 1.3243333 | V10: =IF(G10="","",IF(M10="OK","NONE",INDEX({"S1","S2","W1","W2","N1","N2"},MATCH(MIN(P10:U10),P10:U10,0)))) -> NONE | W10: =IF(G10="","",IF(V10=E10,1,0)) -> 1
A11: 9 | B11: 1 | C11: R3 | D11: OK | E11: NONE | F11: 9.95 | G11: =0.97+F11 -> 10.92 | I11: =VLOOKUP(C11,Recipes!$A$2:$N$4,10,FALSE()) -> 10.94 | J11: =VLOOKUP(C11,Recipes!$A$2:$N$4,12,FALSE()) -> 0.052703574 | K11: =I11-3.5*J11 -> 10.755537 | L11: =I11+3.5*J11 -> 11.124463 | M11: =IF(G11="","",IF(AND(G11>=K11,G11<=L11),"OK","NG")) -> OK | N11: =IF(M11="","",IF(M11=D11,1,0)) -> 1 | O11: =IF(G11="","",I11-G11) -> 0.02 | P11: =IF(G11="","",ABS(O11-Components!$C$2)) -> 2.7333333 | Q11: =IF(G11="","",ABS(O11-Components!$C$3)) -> 4.016 | R11: =IF(G11="","",ABS(O11-Components!$C$4)) -> 0.97333333 | S11: =IF(G11="","",ABS(O11-Components!$C$5)) -> 4.5426667 | T11: =IF(G11="","",ABS(O11-Components!$C$6)) -> 1.1356667 | U11: =IF(G11="","",ABS(O11-Components!$C$7)) -> 1.3543333 | V11: =IF(G11="","",IF(M11="OK","NONE",INDEX({"S1","S2","W1","W2","N1","N2"},MATCH(MIN(P11:U11),P11:U11,0)))) -> NONE | W11: =IF(G11="","",IF(V11=E11,1,0)) -> 1
A12: 10 | B12: 1 | C12: R3 | D12: OK | E12: NONE | F12: 9.87 | G12: =0.97+F12 -> 10.84 | I12: =VLOOKUP(C12,Recipes!$A$2:$N$4,10,FALSE()) -> 10.94 | J12: =VLOOKUP(C12,Recipes!$A$2:$N$4,12,FALSE()) -> 0.052703574 | K12: =I12-3.5*J12 -> 10.755537 | L12: =I12+3.5*J12 -> 11.124463 | M12: =IF(G12="","",IF(AND(G12>=K12,G12<=L12),"OK","NG")) -> OK | N12: =IF(M12="","",IF(M12=D12,1,0)) -> 1 | O12: =IF(G12="","",I12-G12) -> 0.1 | P12: =IF(G12="","",ABS(O12-Components!$C$2)) -> 2.6533333 | Q12: =IF(G12="","",ABS(O12-Components!$C$3)) -> 3.936 | R12: =IF(G12="","",ABS(O12-Components!$C$4)) -> 0.89333333 | S12: =IF(G12="","",ABS(O12-Components!$C$5)) -> 4.4626667 | T12: =IF(G12="","",ABS(O12-Components!$C$6)) -> 1.0556667 | U12: =IF(G12="","",ABS(O12-Components!$C$7)) -> 1.2743333 | V12: =IF(G12="","",IF(M12="OK","NONE",INDEX({"S1","S2","W1","W2","N1","N2"},MATCH(MIN(P12:U12),P12:U12,0)))) -> NONE | W12: =IF(G12="","",IF(V12=E12,1,0)) -> 1
A13: 11 | B13: 1 | C13: R3 | D13: OK | E13: NONE | F13: 9.88 | G13: =0.97+F13 -> 10.85 | I13: =VLOOKUP(C13,Recipes!$A$2:$N$4,10,FALSE()) -> 10.94 | J13: =VLOOKUP(C13,Recipes!$A$2:$N$4,12,FALSE()) -> 0.052703574 | K13: =I13-3.5*J13 -> 10.755537 | L13: =I13+3.5*J13 -> 11.124463 | M13: =IF(G13="","",IF(AND(G13>=K13,G13<=L13),"OK","NG")) -> OK | N13: =IF(M13="","",IF(M13=D13,1,0)) -> 1 | O13: =IF(G13="","",I13-G13) -> 0.09 | P13: =IF(G13="","",ABS(O13-Components!$C$2)) -> 2.6633333 | Q13: =IF(G13="","",ABS(O13-Components!$C$3)) -> 3.946 | R13: =IF(G13="","",ABS(O13-Components!$C$4)) -> 0.90333333 | S13: =IF(G13="","",ABS(O13-Components!$C$5)) -> 4.4726667 | T13: =IF(G13="","",ABS(O13-Components!$C$6)) -> 1.0656667 | U13: =IF(G13="","",ABS(O13-Components!$C$7)) -> 1.2843333 | V13: =IF(G13="","",IF(M13="OK","NONE",INDEX({"S1","S2","W1","W2","N1","N2"},MATCH(MIN(P13:U13),P13:U13,0)))) -> NONE | W13: =IF(G13="","",IF(V13=E13,1,0)) -> 1
A14: 12 | B14: 1 | C14: R3 | D14: OK | E14: NONE | F14: 9.91 | G14: =0.97+F14 -> 10.88 | I14: =VLOOKUP(C14,Recipes!$A$2:$N$4,10,FALSE()) -> 10.94 | J14: =VLOOKUP(C14,Recipes!$A$2:$N$4,12,FALSE()) -> 0.052703574 | K14: =I14-3.5*J14 -> 10.755537 | L14: =I14+3.5*J14 -> 11.124463 | M14: =IF(G14="","",IF(AND(G14>=K14,G14<=L14),"OK","NG")) -> OK | N14: =IF(M14="","",IF(M14=D14,1,0)) -> 1 | O14: =IF(G14="","",I14-G14) -> 0.06 | P14: =IF(G14="","",ABS(O14-Components!$C$2)) -> 2.6933333 | Q14: =IF(G14="","",ABS(O14-Components!$C$3)) -> 3.976 | R14: =IF(G14="","",ABS(O14-Components!$C$4)) -> 0.93333333 | S14: =IF(G14="","",ABS(O14-Components!$C$5)) -> 4.5026667 | T14: =IF(G14="","",ABS(O14-Components!$C$6)) -> 1.0956667 | U14: =IF(G14="","",ABS(O14-Components!$C$7)) -> 1.3143333 | V14: =IF(G14="","",IF(M14="OK","NONE",INDEX({"S1","S2","W1","W2","N1","N2"},MATCH(MIN(P14:U14),P14:U14,0)))) -> NONE | W14: =IF(G14="","",IF(V14=E14,1,0)) -> 1
... A122: 120 | B122: 4 | C122: R3 | D122: NG | E122: N2 | F122: 8.59 | G122: =0.97+F122 -> 9.56 | I122: =VLOOKUP(C122,Recipes!$A$2:$N$4,10,FALSE()) -> 10.94 | J122: =VLOOKUP(C122,Recipes!$A$2:$N$4,12,FALSE()) -> 0.052703574 | K122: =I122-3.5*J122 -> 10.755537 | L122: =I122+3.5*J122 -> 11.124463 | M122: =IF(G122="","",IF(AND(G122>=K122,G122<=L122),"OK","NG")) -> NG | N122: =IF(M122="","",IF(M122=D122,1,0)) -> 1 | O122: =IF(G122="","",I122-G122) -> 1.38 | P122: =IF(G122="","",ABS(O122-Components!$C$2)) -> 1.3733333 | Q122: =IF(G122="","",ABS(O122-Components!$C$3)) -> 2.656 | R122: =IF(G122="","",ABS(O122-Components!$C$4)) -> 0.38666667 | S122: =IF(G122="","",ABS(O122-Components!$C$5)) -> 3.1826667 | T122: =IF(G122="","",ABS(O122-Components!$C$6)) -> 0.22433333 | U122: =IF(G122="","",ABS(O122-Components!$C$7)) -> 0.0056666667 | V122: =IF(G122="","",IF(M122="OK","NONE",INDEX({"S1","S2","W1","W2","N1","N2"},MATCH(MIN(P122:U122),P122:U122,0)))) -> N2 | W122: =IF(G122="","",IF(V122=E122,1,0)) -> 1
A123: 121 | B123: 5 | C123: R4 | D123: OK | E123: NONE | F123: 8.95 | G123: =0.97+F123 -> 9.92 | I123: 9.91 | J123: =VLOOKUP(C123,Recipes!$A$2:$N$4,12,FALSE()) -> 0.050137397 | K123: =I123-3.5*J123 -> 9.7345191 | L123: =I123+3.5*J123 -> 10.085481 | M123: =IF(G123="","",IF(AND(G123>=K123,G123<=L123),"OK","NG")) -> OK | N123: =IF(M123="","",IF(M123=D123,1,0)) -> 1 | O123: =IF(G123="","",I123-G123) -> -0.01 | P123: =IF(G123="","",ABS(O123-Components!$C$2)) -> 2.7633333 | Q123: =IF(G123="","",ABS(O123-Components!$C$3)) -> 4.046 | R123: =IF(G123="","",ABS(O123-Components!$C$4)) -> 1.0033333 | S123: =IF(G123="","",ABS(O123-Components!$C$5)) -> 4.5726667 | T123: =IF(G123="","",ABS(O123-Components!$C$6)) -> 1.1656667 | U123: =IF(G123="","",ABS(O123-Components!$C$7)) -> 1.3843333 | V123: =IF(G123="","",IF(M123="OK","NONE",INDEX({"S1","S2","W1","W2","N1","N2"},MATCH(MIN(P123:U123),P123:U123,0)))) -> NONE | W123: =IF(G123="","",IF(V123=E123,1,0)) -> 1
A124: 122 | B124: 5 | C124: R4 | D124: OK | E124: NONE | F124: 8.94 | G124: =0.97+F124 -> 9.91 | I124: 9.91 | J124: =VLOOKUP(C124,Recipes!$A$2:$N$4,12,FALSE()) -> 0.050137397 | K124: =I124-3.5*J124 -> 9.7345191 | L124: =I124+3.5*J124 -> 10.085481 | M124: =IF(G124="","",IF(AND(G124>=K124,G124<=L124),"OK","NG")) -> OK | N124: =IF(M124="","",IF(M124=D124,1,0)) -> 1 | O124: =IF(G124="","",I124-G124) -> 0 | P124: =IF(G124="","",ABS(O124-Components!$C$2)) -> 2.7533333 | Q124: =IF(G124="","",ABS(O124-Components!$C$3)) -> 4.036 | R124: =IF(G124="","",ABS(O124-Components!$C$4)) -> 0.99333333 | S124: =IF(G124="","",ABS(O124-Components!$C$5)) -> 4.5626667 | T124: =IF(G124="","",ABS(O124-Components!$C$6)) -> 1.1556667 | U124: =IF(G124="","",ABS(O124-Components!$C$7)) -> 1.3743333 | V124: =IF(G124="","",IF(M124="OK","NONE",INDEX({"S1","S2","W1","W2","N1","N2"},MATCH(MIN(P124:U124),P124:U124,0)))) -> NONE | W124: =IF(G124="","",IF(V124=E124,1,0)) -> 1
A125: 123 | B125: 5 | C125: R4 | D125: OK | E125: NONE | F125: 8.94 | G125: =0.97+F125 -> 9.91 | I125: 9.91 | J125: =VLOOKUP(C125,Recipes!$A$2:$N$4,12,FALSE()) -> 0.050137397 | K125: =I125-3.5*J125 -> 9.7345191 | L125: =I125+3.5*J125 -> 10.085481 | M125: =IF(G125="","",IF(AND(G125>=K125,G125<=L125),"OK","NG")) -> OK | N125: =IF(M125="","",IF(M125=D125,1,0)) -> 1 | O125: =IF(G125="","",I125-G125) -> 0 | P125: =IF(G125="","",ABS(O125-Components!$C$2)) -> 2.7533333 | Q125: =IF(G125="","",ABS(O125-Components!$C$3)) -> 4.036 | R125: =IF(G125="","",ABS(O125-Components!$C$4)) -> 0.99333333 | S125: =IF(G125="","",ABS(O125-Components!$C$5)) -> 4.5626667 | T125: =IF(G125="","",ABS(O125-Components!$C$6)) -> 1.1556667 | U125: =IF(G125="","",ABS(O125-Components!$C$7)) -> 1.3743333 | V125: =IF(G125="","",IF(M125="OK","NONE",INDEX({"S1","S2","W1","W2","N1","N2"},MATCH(MIN(P125:U125),P125:U125,0)))) -> NONE | W125: =IF(G125="","",IF(V125=E125,1,0)) -> 1
A126: 124 | B126: 5 | C126: R4 | D126: OK | E126: NONE | F126: 8.89 | G126: =0.97+F126 -> 9.86 | I126: 9.91 | J126: =VLOOKUP(C126,Recipes!$A$2:$N$4,12,FALSE()) -> 0.050137397 | K126: =I126-3.5*J126 -> 9.7345191 | L126: =I126+3.5*J126 -> 10.085481 | M126: =IF(G126="","",IF(AND(G126>=K126,G126<=L126),"OK","NG")) -> OK | N126: =IF(M126="","",IF(M126=D126,1,0)) -> 1 | O126: =IF(G126="","",I126-G126) -> 0.05 | P126: =IF(G126="","",ABS(O126-Components!$C$2)) -> 2.7033333 | Q126: =IF(G126="","",ABS(O126-Components!$C$3)) -> 3.986 | R126: =IF(G126="","",ABS(O126-Components!$C$4)) -> 0.94333333 | S126: =IF(G126="","",ABS(O126-Components!$C$5)) -> 4.5126667 | T126: =IF(G126="","",ABS(O126-Components!$C$6)) -> 1.1056667 | U126: =IF(G126="","",ABS(O126-Components!$C$7)) -> 1.3243333 | V126: =IF(G126="","",IF(M126="OK","NONE",INDEX({"S1","S2","W1","W2","N1","N2"},MATCH(MIN(P126:U126),P126:U126,0)))) -> NONE | W126: =IF(G126="","",IF(V126=E126,1,0)) -> 1
A127: 125 | B127: 5 | C127: R4 | D127: OK | E127: NONE | F127: 8.89 | G127: =0.97+F127 -> 9.86 | I127: 9.91 | J127: =VLOOKUP(C127,Recipes!$A$2:$N$4,12,FALSE()) -> 0.050137397 | K127: =I127-3.5*J127 -> 9.7345191 | L127: =I127+3.5*J127 -> 10.085481 | M127: =IF(G127="","",IF(AND(G127>=K127,G127<=L127),"OK","NG")) -> OK | N127: =IF(M127="","",IF(M127=D127,1,0)) -> 1 | O127: =IF(G127="","",I127-G127) -> 0.05 | P127: =IF(G127="","",ABS(O127-Components!$C$2)) -> 2.7033333 | Q127: =IF(G127="","",ABS(O127-Components!$C$3)) -> 3.986 | R127: =IF(G127="","",ABS(O127-Components!$C$4)) -> 0.94333333 | S127: =IF(G127="","",ABS(O127-Components!$C$5)) -> 4.5126667 | T127: =IF(G127="","",ABS(O127-Components!$C$6)) -> 1.1056667 | U127: =IF(G127="","",ABS(O127-Components!$C$7)) -> 1.3243333 | V127: =IF(G127="","",IF(M127="OK","NONE",INDEX({"S1","S2","W1","W2","N1","N2"},MATCH(MIN(P127:U127),P127:U127,0)))) -> NONE | W127: =IF(G127="","",IF(V127=E127,1,0)) -> 1
A128: 126 | B128: 5 | C128: R4 | D128: OK | E128: NONE | F128: 8.88 | G128: =0.97+F128 -> 9.85 | I128: 9.91 | J128: =VLOOKUP(C128,Recipes!$A$2:$N$4,12,FALSE()) -> 0.050137397 | K128: =I128-3.5*J128 -> 9.7345191 | L128: =I128+3.5*J128 -> 10.085481 | M128: =IF(G128="","",IF(AND(G128>=K128,G128<=L128),"OK","NG")) -> OK | N128: =IF(M128="","",IF(M128=D128,1,0)) -> 1 | O128: =IF(G128="","",I128-G128) -> 0.06 | P128: =IF(G128="","",ABS(O128-Components!$C$2)) -> 2.6933333 | Q128: =IF(G128="","",ABS(O128-Components!$C$3)) -> 3.976 | R128: =IF(G128="","",ABS(O128-Components!$C$4)) -> 0.93333333 | S128: =IF(G128="","",ABS(O128-Components!$C$5)) -> 4.5026667 | T128: =IF(G128="","",ABS(O128-Components!$C$6)) -> 1.0956667 | U128: =IF(G128="","",ABS(O128-Components!$C$7)) -> 1.3143333 | V128: =IF(G128="","",IF(M128="OK","NONE",INDEX({"S1","S2","W1","W2","N1","N2"},MATCH(MIN(P128:U128),P128:U128,0)))) -> NONE | W128: =IF(G128="","",IF(V128=E128,1,0)) -> 1
A129: 127 | B129: 5 | C129: R4 | D129: OK | E129: NONE | F129: 8.91 | G129: =0.97+F129 -> 9.88 | I129: 9.91 | J129: =VLOOKUP(C129,Recipes!$A$2:$N$4,12,FALSE()) -> 0.050137397 | K129: =I129-3.5*J129 -> 9.7345191 | L129: =I129+3.5*J129 -> 10.085481 | M129: =IF(G129="","",IF(AND(G129>=K129,G129<=L129),"OK","NG")) -> OK | N129: =IF(M129="","",IF(M129=D129,1,0)) -> 1 | O129: =IF(G129="","",I129-G129) -> 0.03 | P129: =IF(G129="","",ABS(O129-Components!$C$2)) -> 2.7233333 | Q129: =IF(G129="","",ABS(O129-Components!$C$3)) -> 4.006 | R129: =IF(G129="","",ABS(O129-Components!$C$4)) -> 0.96333333 | S129: =IF(G129="","",ABS(O129-Components!$C$5)) -> 4.5326667 | T129: =IF(G129="","",ABS(O129-Components!$C$6)) -> 1.1256667 | U129: =IF(G129="","",ABS(O129-Components!$C$7)) -> 1.3443333 | V129: =IF(G129="","",IF(M129="OK","NONE",INDEX({"S1","S2","W1","W2","N1","N2"},MATCH(MIN(P129:U129),P129:U129,0)))) -> NONE | W129: =IF(G129="","",IF(V129=E129,1,0)) -> 1
A130: 128 | B130: 5 | C130: R4 | D130: OK | E130: NONE | F130: 8.85 | G130: =0.97+F130 -> 9.82 | I130: 9.91 | J130: =VLOOKUP(C130,Recipes!$A$2:$N$4,12,FALSE()) -> 0.050137397 | K130: =I130-3.5*J130 -> 9.7345191 | L130: =I130+3.5*J130 -> 10.085481 | M130: =IF(G130="","",IF(AND(G130>=K130,G130<=L130),"OK","NG")) -> OK | N130: =IF(M130="","",IF(M130=D130,1,0)) -> 1 | O130: =IF(G130="","",I130-G130) -> 0.09 | P130: =IF(G130="","",ABS(O130-Components!$C$2)) -> 2.6633333 | Q130: =IF(G130="","",ABS(O130-Components!$C$3)) -> 3.946 | R130: =IF(G130="","",ABS(O130-Components!$C$4)) -> 0.90333333 | S130: =IF(G130="","",ABS(O130-Components!$C$5)) -> 4.4726667 | T130: =IF(G130="","",ABS(O130-Components!$C$6)) -> 1.0656667 | U130: =IF(G130="","",ABS(O130-Components!$C$7)) -> 1.2843333 | V130: =IF(G130="","",IF(M130="OK","NONE",INDEX({"S1","S2","W1","W2","N1","N2"},MATCH(MIN(P130:U130),P130:U130,0)))) -> NONE | W130: =IF(G130="","",IF(V130=E130,1,0)) -> 1
A131: 129 | B131: 5 | C131: R4 | D131: OK | E131: NONE | F131: 8.88 | G131: =0.97+F131 -> 9.85 | I131: 9.91 | J131: =VLOOKUP(C131,Recipes!$A$2:$N$4,12,FALSE()) -> 0.050137397 | K131: =I131-3.5*J131 -> 9.7345191 | L131: =I131+3.5*J131 -> 10.085481 | M131: =IF(G131="","",IF(AND(G131>=K131,G131<=L131),"OK","NG")) -> OK | N131: =IF(M131="","",IF(M131=D131,1,0)) -> 1 | O131: =IF(G131="","",I131-G131) -> 0.06 | P131: =IF(G131="","",ABS(O131-Components!$C$2)) -> 2.6933333 | Q131: =IF(G131="","",ABS(O131-Components!$C$3)) -> 3.976 | R131: =IF(G131="","",ABS(O131-Components!$C$4)) -> 0.93333333 | S131: =IF(G131="","",ABS(O131-Components!$C$5)) -> 4.5026667 | T131: =IF(G131="","",ABS(O131-Components!$C$6)) -> 1.0956667 | U131: =IF(G131="","",ABS(O131-Components!$C$7)) -> 1.3143333 | V131: =IF(G131="","",IF(M131="OK","NONE",INDEX({"S1","S2","W1","W2","N1","N2"},MATCH(MIN(P131:U131),P131:U131,0)))) -> NONE | W131: =IF(G131="","",IF(V131=E131,1,0)) -> 1
A132: 130 | B132: 5 | C132: R4 | D132: OK | E132: NONE | F132: 8.87 | G132: =0.97+F132 -> 9.84 | I132: 9.91 | J132: =VLOOKUP(C132,Recipes!$A$2:$N$4,12,FALSE()) -> 0.050137397 | K132: =I132-3.5*J132 -> 9.7345191 | L132: =I132+3.5*J132 -> 10.085481 | M132: =IF(G132="","",IF(AND(G132>=K132,G132<=L132),"OK","NG")) -> OK | N132: =IF(M132="","",IF(M132=D132,1,0)) -> 1 | O132: =IF(G132="","",I132-G132) -> 0.07 | P132: =IF(G132="","",ABS(O132-Components!$C$2)) -> 2.6833333 | Q132: =IF(G132="","",ABS(O132-Components!$C$3)) -> 3.966 | R132: =IF(G132="","",ABS(O132-Components!$C$4)) -> 0.92333333 | S132: =IF(G132="","",ABS(O132-Components!$C$5)) -> 4.4926667 | T132: =IF(G132="","",ABS(O132-Components!$C$6)) -> 1.0856667 | U132: =IF(G132="","",ABS(O132-Components!$C$7)) -> 1.3043333 | V132: =IF(G132="","",IF(M132="OK","NONE",INDEX({"S1","S2","W1","W2","N1","N2"},MATCH(MIN(P132:U132),P132:U132,0)))) -> NONE | W132: =IF(G132="","",IF(V132=E132,1,0)) -> 1
A133: 131 | B133: 5 | C133: R4 | D133: OK | E133: NONE | F133: 8.89 | G133: =0.97+F133 -> 9.86 | I133: 9.91 | J133: =VLOOKUP(C133,Recipes!$A$2:$N$4,12,FALSE()) -> 0.050137397 | K133: =I133-3.5*J133 -> 9.7345191 | L133: =I133+3.5*J133 -> 10.085481 | M133: =IF(G133="","",IF(AND(G133>=K133,G133<=L133),"OK","NG")) -> OK | N133: =IF(M133="","",IF(M133=D133,1,0)) -> 1 | O133: =IF(G133="","",I133-G133) -> 0.05 | P133: =IF(G133="","",ABS(O133-Components!$C$2)) -> 2.7033333 | Q133: =IF(G133="","",ABS(O133-Components!$C$3)) -> 3.986 | R133: =IF(G133="","",ABS(O133-Components!$C$4)) -> 0.94333333 | S133: =IF(G133="","",ABS(O133-Components!$C$5)) -> 4.5126667 | T133: =IF(G133="","",ABS(O133-Components!$C$6)) -> 1.1056667 | U133: =IF(G133="","",ABS(O133-Components!$C$7)) -> 1.3243333 | V133: =IF(G133="","",IF(M133="OK","NONE",INDEX({"S1","S2","W1","W2","N1","N2"},MATCH(MIN(P133:U133),P133:U133,0)))) -> NONE | W133: =IF(G133="","",IF(V133=E133,1,0)) -> 1
A134: 132 | B134: 5 | C134: R4 | D134: OK | E134: NONE | F134: 8.87 | G134: =0.97+F134 -> 9.84 | I134: 9.91 | J134: =VLOOKUP(C134,Recipes!$A$2:$N$4,12,FALSE()) -> 0.050137397 | K134: =I134-3.5*J134 -> 9.7345191 | L134: =I134+3.5*J134 -> 10.085481 | M134: =IF(G134="","",IF(AND(G134>=K134,G134<=L134),"OK","NG")) -> OK | N134: =IF(M134="","",IF(M134=D134,1,0)) -> 1 | O134: =IF(G134="","",I134-G134) -> 0.07 | P134: =IF(G134="","",ABS(O134-Components!$C$2)) -> 2.6833333 | Q134: =IF(G134="","",ABS(O134-Components!$C$3)) -> 3.966 | R134: =IF(G134="","",ABS(O134-Components!$C$4)) -> 0.92333333 | S134: =IF(G134="","",ABS(O134-Components!$C$5)) -> 4.4926667 | T134: =IF(G134="","",ABS(O134-Components!$C$6)) -> 1.0856667 | U134: =IF(G134="","",ABS(O134-Components!$C$7)) -> 1.3043333 | V134: =IF(G134="","",IF(M134="OK","NONE",INDEX({"S1","S2","W1","W2","N1","N2"},MATCH(MIN(P134:U134),P134:U134,0)))) -> NONE | W134: =IF(G134="","",IF(V134=E134,1,0)) -> 1
... A422: 420 | B422: 14 | C422: R6 | D422: NG | E422: N1 | F422: 7.47 | G422: =0.97+F422 -> 8.44 | I422: 9.61 | J422: =VLOOKUP(C422,Recipes!$A$2:$N$4,12,FALSE()) -> 0.061509461 | K422: =I422-3.5*J422 -> 9.3947169 | L422: =I422+3.5*J422 -> 9.8252831 | M422: =IF(G422="","",IF(AND(G422>=K422,G422<=L422),"OK","NG")) -> NG | N422: =IF(M422="","",IF(M422=D422,1,0)) -> 1 | O422: =IF(G422="","",I422-G422) -> 1.17 | P422: =IF(G422="","",ABS(O422-Components!$C$2)) -> 1.5833333 | Q422: =IF(G422="","",ABS(O422-Components!$C$3)) -> 2.866 | R422: =IF(G422="","",ABS(O422-Components!$C$4)) -> 0.17666667 | S422: =IF(G422="","",ABS(O422-Components!$C$5)) -> 3.3926667 | T422: =IF(G422="","",ABS(O422-Components!$C$6)) -> 0.014333333 | U422: =IF(G422="","",ABS(O422-Components!$C$7)) -> 0.20433333 | V422: =IF(G422="","",IF(M422="OK","NONE",INDEX({"S1","S2","W1","W2","N1","N2"},MATCH(MIN(P422:U422),P422:U422,0)))) -> N1 | W422: =IF(G422="","",IF(V422=E422,1,0)) -> 1

Sheet Runs Distance + 6 Sigma
A2: run_id | B2: execution_order | C2: recipe | D2: condition | E2: missing_component | F2: measured_weight_g | G2: measured_weight_w/PB | H2: notes | I2: expected_weight | J2: expected_std | K2: lower_bound | L2: upper_bound | M2: predicted_OK_NG | N2: L1_correct | O2: deficit | P2: match_S1 | Q2: match_S2 | R2: match_W1 | S2: match_W2 | T2: match_N1 | U2: match_N2 | V2: predicted_missing | W2: L2_correct | X2: 14 errores
A3: 1 | B3: 1 | C3: R3 | D3: OK | E3: NONE | F3: 9.91 | G3: =0.97+F3 -> 10.88 | I3: =VLOOKUP(C3,Recipes!$A$2:$N$4,10,FALSE()) -> 10.94 | J3: =VLOOKUP(C3,Recipes!$A$2:$N$4,12,FALSE()) -> 0.052703574 | K3: =I3-6*J3 -> 10.623779 | L3: =I3+6*J3 -> 11.256221 | M3: =IF(G3="","",IF(AND(G3>=K3,G3<=L3),"OK","NG")) -> OK | N3: =IF(M3="","",IF(M3=D3,1,0)) -> 1 | O3: =IF(G3="","",I3-G3) -> 0.06 | P3: =IF(G3="","",ABS(O3-Components!$C$2)) -> 2.6933333 | Q3: =IF(G3="","",ABS(O3-Components!$C$3)) -> 3.976 | R3: =IF(G3="","",ABS(O3-Components!$C$4)) -> 0.93333333 | S3: =IF(G3="","",ABS(O3-Components!$C$5)) -> 4.5026667 | T3: =IF(G3="","",ABS(O3-Components!$C$6)) -> 1.0956667 | U3: =IF(G3="","",ABS(O3-Components!$C$7)) -> 1.3143333 | V3: =IF(G3="","",IF(M3="OK","NONE",INDEX({"S1","S2","W1","W2","N1","N2"},MATCH(MIN(P3:U3),P3:U3,0)))) -> NONE | W3: =IF(G3="","",IF(V3=E3,1,0)) -> 1
A4: 2 | B4: 1 | C4: R3 | D4: OK | E4: NONE | F4: 10 | G4: =0.97+F4 -> 10.97 | I4: =VLOOKUP(C4,Recipes!$A$2:$N$4,10,FALSE()) -> 10.94 | J4: =VLOOKUP(C4,Recipes!$A$2:$N$4,12,FALSE()) -> 0.052703574 | K4: =I4-6*J4 -> 10.623779 | L4: =I4+6*J4 -> 11.256221 | M4: =IF(G4="","",IF(AND(G4>=K4,G4<=L4),"OK","NG")) -> OK | N4: =IF(M4="","",IF(M4=D4,1,0)) -> 1 | O4: =IF(G4="","",I4-G4) -> -0.03 | P4: =IF(G4="","",ABS(O4-Components!$C$2)) -> 2.7833333 | Q4: =IF(G4="","",ABS(O4-Components!$C$3)) -> 4.066 | R4: =IF(G4="","",ABS(O4-Components!$C$4)) -> 1.0233333 | S4: =IF(G4="","",ABS(O4-Components!$C$5)) -> 4.5926667 | T4: =IF(G4="","",ABS(O4-Components!$C$6)) -> 1.1856667 | U4: =IF(G4="","",ABS(O4-Components!$C$7)) -> 1.4043333 | V4: =IF(G4="","",IF(M4="OK","NONE",INDEX({"S1","S2","W1","W2","N1","N2"},MATCH(MIN(P4:U4),P4:U4,0)))) -> NONE | W4: =IF(G4="","",IF(V4=E4,1,0)) -> 1
A5: 3 | B5: 1 | C5: R3 | D5: OK | E5: NONE | F5: 10 | G5: =0.97+F5 -> 10.97 | I5: =VLOOKUP(C5,Recipes!$A$2:$N$4,10,FALSE()) -> 10.94 | J5: =VLOOKUP(C5,Recipes!$A$2:$N$4,12,FALSE()) -> 0.052703574 | K5: =I5-6*J5 -> 10.623779 | L5: =I5+6*J5 -> 11.256221 | M5: =IF(G5="","",IF(AND(G5>=K5,G5<=L5),"OK","NG")) -> OK | N5: =IF(M5="","",IF(M5=D5,1,0)) -> 1 | O5: =IF(G5="","",I5-G5) -> -0.03 | P5: =IF(G5="","",ABS(O5-Components!$C$2)) -> 2.7833333 | Q5: =IF(G5="","",ABS(O5-Components!$C$3)) -> 4.066 | R5: =IF(G5="","",ABS(O5-Components!$C$4)) -> 1.0233333 | S5: =IF(G5="","",ABS(O5-Components!$C$5)) -> 4.5926667 | T5: =IF(G5="","",ABS(O5-Components!$C$6)) -> 1.1856667 | U5: =IF(G5="","",ABS(O5-Components!$C$7)) -> 1.4043333 | V5: =IF(G5="","",IF(M5="OK","NONE",INDEX({"S1","S2","W1","W2","N1","N2"},MATCH(MIN(P5:U5),P5:U5,0)))) -> NONE | W5: =IF(G5="","",IF(V5=E5,1,0)) -> 1
A6: 4 | B6: 1 | C6: R3 | D6: OK | E6: NONE | F6: 9.91 | G6: =0.97+F6 -> 10.88 | I6: =VLOOKUP(C6,Recipes!$A$2:$N$4,10,FALSE()) -> 10.94 | J6: =VLOOKUP(C6,Recipes!$A$2:$N$4,12,FALSE()) -> 0.052703574 | K6: =I6-6*J6 -> 10.623779 | L6: =I6+6*J6 -> 11.256221 | M6: =IF(G6="","",IF(AND(G6>=K6,G6<=L6),"OK","NG")) -> OK | N6: =IF(M6="","",IF(M6=D6,1,0)) -> 1 | O6: =IF(G6="","",I6-G6) -> 0.06 | P6: =IF(G6="","",ABS(O6-Components!$C$2)) -> 2.6933333 | Q6: =IF(G6="","",ABS(O6-Components!$C$3)) -> 3.976 | R6: =IF(G6="","",ABS(O6-Components!$C$4)) -> 0.93333333 | S6: =IF(G6="","",ABS(O6-Components!$C$5)) -> 4.5026667 | T6: =IF(G6="","",ABS(O6-Components!$C$6)) -> 1.0956667 | U6: =IF(G6="","",ABS(O6-Components!$C$7)) -> 1.3143333 | V6: =IF(G6="","",IF(M6="OK","NONE",INDEX({"S1","S2","W1","W2","N1","N2"},MATCH(MIN(P6:U6),P6:U6,0)))) -> NONE | W6: =IF(G6="","",IF(V6=E6,1,0)) -> 1
A7: 5 | B7: 1 | C7: R3 | D7: OK | E7: NONE | F7: 10.04 | G7: =0.97+F7 -> 11.01 | I7: =VLOOKUP(C7,Recipes!$A$2:$N$4,10,FALSE()) -> 10.94 | J7: =VLOOKUP(C7,Recipes!$A$2:$N$4,12,FALSE()) -> 0.052703574 | K7: =I7-6*J7 -> 10.623779 | L7: =I7+6*J7 -> 11.256221 | M7: =IF(G7="","",IF(AND(G7>=K7,G7<=L7),"OK","NG")) -> OK | N7: =IF(M7="","",IF(M7=D7,1,0)) -> 1 | O7: =IF(G7="","",I7-G7) -> -0.07 | P7: =IF(G7="","",ABS(O7-Components!$C$2)) -> 2.8233333 | Q7: =IF(G7="","",ABS(O7-Components!$C$3)) -> 4.106 | R7: =IF(G7="","",ABS(O7-Components!$C$4)) -> 1.0633333 | S7: =IF(G7="","",ABS(O7-Components!$C$5)) -> 4.6326667 | T7: =IF(G7="","",ABS(O7-Components!$C$6)) -> 1.2256667 | U7: =IF(G7="","",ABS(O7-Components!$C$7)) -> 1.4443333 | V7: =IF(G7="","",IF(M7="OK","NONE",INDEX({"S1","S2","W1","W2","N1","N2"},MATCH(MIN(P7:U7),P7:U7,0)))) -> NONE | W7: =IF(G7="","",IF(V7=E7,1,0)) -> 1
A8: 6 | B8: 1 | C8: R3 | D8: OK | E8: NONE | F8: 9.84 | G8: =0.97+F8 -> 10.81 | I8: =VLOOKUP(C8,Recipes!$A$2:$N$4,10,FALSE()) -> 10.94 | J8: =VLOOKUP(C8,Recipes!$A$2:$N$4,12,FALSE()) -> 0.052703574 | K8: =I8-6*J8 -> 10.623779 | L8: =I8+6*J8 -> 11.256221 | M8: =IF(G8="","",IF(AND(G8>=K8,G8<=L8),"OK","NG")) -> OK | N8: =IF(M8="","",IF(M8=D8,1,0)) -> 1 | O8: =IF(G8="","",I8-G8) -> 0.13 | P8: =IF(G8="","",ABS(O8-Components!$C$2)) -> 2.6233333 | Q8: =IF(G8="","",ABS(O8-Components!$C$3)) -> 3.906 | R8: =IF(G8="","",ABS(O8-Components!$C$4)) -> 0.86333333 | S8: =IF(G8="","",ABS(O8-Components!$C$5)) -> 4.4326667 | T8: =IF(G8="","",ABS(O8-Components!$C$6)) -> 1.0256667 | U8: =IF(G8="","",ABS(O8-Components!$C$7)) -> 1.2443333 | V8: =IF(G8="","",IF(M8="OK","NONE",INDEX({"S1","S2","W1","W2","N1","N2"},MATCH(MIN(P8:U8),P8:U8,0)))) -> NONE | W8: =IF(G8="","",IF(V8=E8,1,0)) -> 1
A9: 7 | B9: 1 | C9: R3 | D9: OK | E9: NONE | F9: 9.9 | G9: =0.97+F9 -> 10.87 | I9: =VLOOKUP(C9,Recipes!$A$2:$N$4,10,FALSE()) -> 10.94 | J9: =VLOOKUP(C9,Recipes!$A$2:$N$4,12,FALSE()) -> 0.052703574 | K9: =I9-6*J9 -> 10.623779 | L9: =I9+6*J9 -> 11.256221 | M9: =IF(G9="","",IF(AND(G9>=K9,G9<=L9),"OK","NG")) -> OK | N9: =IF(M9="","",IF(M9=D9,1,0)) -> 1 | O9: =IF(G9="","",I9-G9) -> 0.07 | P9: =IF(G9="","",ABS(O9-Components!$C$2)) -> 2.6833333 | Q9: =IF(G9="","",ABS(O9-Components!$C$3)) -> 3.966 | R9: =IF(G9="","",ABS(O9-Components!$C$4)) -> 0.92333333 | S9: =IF(G9="","",ABS(O9-Components!$C$5)) -> 4.4926667 | T9: =IF(G9="","",ABS(O9-Components!$C$6)) -> 1.0856667 | U9: =IF(G9="","",ABS(O9-Components!$C$7)) -> 1.3043333 | V9: =IF(G9="","",IF(M9="OK","NONE",INDEX({"S1","S2","W1","W2","N1","N2"},MATCH(MIN(P9:U9),P9:U9,0)))) -> NONE | W9: =IF(G9="","",IF(V9=E9,1,0)) -> 1
A10: 8 | B10: 1 | C10: R3 | D10: OK | E10: NONE | F10: 9.92 | G10: =0.97+F10 -> 10.89 | I10: =VLOOKUP(C10,Recipes!$A$2:$N$4,10,FALSE()) -> 10.94 | J10: =VLOOKUP(C10,Recipes!$A$2:$N$4,12,FALSE()) -> 0.052703574 | K10: =I10-6*J10 -> 10.623779 | L10: =I10+6*J10 -> 11.256221 | M10: =IF(G10="","",IF(AND(G10>=K10,G10<=L10),"OK","NG")) -> OK | N10: =IF(M10="","",IF(M10=D10,1,0)) -> 1 | O10: =IF(G10="","",I10-G10) -> 0.05 | P10: =IF(G10="","",ABS(O10-Components!$C$2)) -> 2.7033333 | Q10: =IF(G10="","",ABS(O10-Components!$C$3)) -> 3.986 | R10: =IF(G10="","",ABS(O10-Components!$C$4)) -> 0.94333333 | S10: =IF(G10="","",ABS(O10-Components!$C$5)) -> 4.5126667 | T10: =IF(G10="","",ABS(O10-Components!$C$6)) -> 1.1056667 | U10: =IF(G10="","",ABS(O10-Components!$C$7)) -> 1.3243333 | V10: =IF(G10="","",IF(M10="OK","NONE",INDEX({"S1","S2","W1","W2","N1","N2"},MATCH(MIN(P10:U10),P10:U10,0)))) -> NONE | W10: =IF(G10="","",IF(V10=E10,1,0)) -> 1
A11: 9 | B11: 1 | C11: R3 | D11: OK | E11: NONE | F11: 9.95 | G11: =0.97+F11 -> 10.92 | I11: =VLOOKUP(C11,Recipes!$A$2:$N$4,10,FALSE()) -> 10.94 | J11: =VLOOKUP(C11,Recipes!$A$2:$N$4,12,FALSE()) -> 0.052703574 | K11: =I11-6*J11 -> 10.623779 | L11: =I11+6*J11 -> 11.256221 | M11: =IF(G11="","",IF(AND(G11>=K11,G11<=L11),"OK","NG")) -> OK | N11: =IF(M11="","",IF(M11=D11,1,0)) -> 1 | O11: =IF(G11="","",I11-G11) -> 0.02 | P11: =IF(G11="","",ABS(O11-Components!$C$2)) -> 2.7333333 | Q11: =IF(G11="","",ABS(O11-Components!$C$3)) -> 4.016 | R11: =IF(G11="","",ABS(O11-Components!$C$4)) -> 0.97333333 | S11: =IF(G11="","",ABS(O11-Components!$C$5)) -> 4.5426667 | T11: =IF(G11="","",ABS(O11-Components!$C$6)) -> 1.1356667 | U11: =IF(G11="","",ABS(O11-Components!$C$7)) -> 1.3543333 | V11: =IF(G11="","",IF(M11="OK","NONE",INDEX({"S1","S2","W1","W2","N1","N2"},MATCH(MIN(P11:U11),P11:U11,0)))) -> NONE | W11: =IF(G11="","",IF(V11=E11,1,0)) -> 1
A12: 10 | B12: 1 | C12: R3 | D12: OK | E12: NONE | F12: 9.87 | G12: =0.97+F12 -> 10.84 | I12: =VLOOKUP(C12,Recipes!$A$2:$N$4,10,FALSE()) -> 10.94 | J12: =VLOOKUP(C12,Recipes!$A$2:$N$4,12,FALSE()) -> 0.052703574 | K12: =I12-6*J12 -> 10.623779 | L12: =I12+6*J12 -> 11.256221 | M12: =IF(G12="","",IF(AND(G12>=K12,G12<=L12),"OK","NG")) -> OK | N12: =IF(M12="","",IF(M12=D12,1,0)) -> 1 | O12: =IF(G12="","",I12-G12) -> 0.1 | P12: =IF(G12="","",ABS(O12-Components!$C$2)) -> 2.6533333 | Q12: =IF(G12="","",ABS(O12-Components!$C$3)) -> 3.936 | R12: =IF(G12="","",ABS(O12-Components!$C$4)) -> 0.89333333 | S12: =IF(G12="","",ABS(O12-Components!$C$5)) -> 4.4626667 | T12: =IF(G12="","",ABS(O12-Components!$C$6)) -> 1.0556667 | U12: =IF(G12="","",ABS(O12-Components!$C$7)) -> 1.2743333 | V12: =IF(G12="","",IF(M12="OK","NONE",INDEX({"S1","S2","W1","W2","N1","N2"},MATCH(MIN(P12:U12),P12:U12,0)))) -> NONE | W12: =IF(G12="","",IF(V12=E12,1,0)) -> 1
A13: 11 | B13: 1 | C13: R3 | D13: OK | E13: NONE | F13: 9.88 | G13: =0.97+F13 -> 10.85 | I13: =VLOOKUP(C13,Recipes!$A$2:$N$4,10,FALSE()) -> 10.94 | J13: =VLOOKUP(C13,Recipes!$A$2:$N$4,12,FALSE()) -> 0.052703574 | K13: =I13-6*J13 -> 10.623779 | L13: =I13+6*J13 -> 11.256221 | M13: =IF(G13="","",IF(AND(G13>=K13,G13<=L13),"OK","NG")) -> OK | N13: =IF(M13="","",IF(M13=D13,1,0)) -> 1 | O13: =IF(G13="","",I13-G13) -> 0.09 | P13: =IF(G13="","",ABS(O13-Components!$C$2)) -> 2.6633333 | Q13: =IF(G13="","",ABS(O13-Components!$C$3)) -> 3.946 | R13: =IF(G13="","",ABS(O13-Components!$C$4)) -> 0.90333333 | S13: =IF(G13="","",ABS(O13-Components!$C$5)) -> 4.4726667 | T13: =IF(G13="","",ABS(O13-Components!$C$6)) -> 1.0656667 | U13: =IF(G13="","",ABS(O13-Components!$C$7)) -> 1.2843333 | V13: =IF(G13="","",IF(M13="OK","NONE",INDEX({"S1","S2","W1","W2","N1","N2"},MATCH(MIN(P13:U13),P13:U13,0)))) -> NONE | W13: =IF(G13="","",IF(V13=E13,1,0)) -> 1
A14: 12 | B14: 1 | C14: R3 | D14: OK | E14: NONE | F14: 9.91 | G14: =0.97+F14 -> 10.88 | I14: =VLOOKUP(C14,Recipes!$A$2:$N$4,10,FALSE()) -> 10.94 | J14: =VLOOKUP(C14,Recipes!$A$2:$N$4,12,FALSE()) -> 0.052703574 | K14: =I14-6*J14 -> 10.623779 | L14: =I14+6*J14 -> 11.256221 | M14: =IF(G14="","",IF(AND(G14>=K14,G14<=L14),"OK","NG")) -> OK | N14: =IF(M14="","",IF(M14=D14,1,0)) -> 1 | O14: =IF(G14="","",I14-G14) -> 0.06 | P14: =IF(G14="","",ABS(O14-Components!$C$2)) -> 2.6933333 | Q14: =IF(G14="","",ABS(O14-Components!$C$3)) -> 3.976 | R14: =IF(G14="","",ABS(O14-Components!$C$4)) -> 0.93333333 | S14: =IF(G14="","",ABS(O14-Components!$C$5)) -> 4.5026667 | T14: =IF(G14="","",ABS(O14-Components!$C$6)) -> 1.0956667 | U14: =IF(G14="","",ABS(O14-Components!$C$7)) -> 1.3143333 | V14: =IF(G14="","",IF(M14="OK","NONE",INDEX({"S1","S2","W1","W2","N1","N2"},MATCH(MIN(P14:U14),P14:U14,0)))) -> NONE | W14: =IF(G14="","",IF(V14=E14,1,0)) -> 1
... A122: 120 | B122: 4 | C122: R3 | D122: NG | E122: N2 | F122: 8.59 | G122: =0.97+F122 -> 9.56 | I122: =VLOOKUP(C122,Recipes!$A$2:$N$4,10,FALSE()) -> 10.94 | J122: =VLOOKUP(C122,Recipes!$A$2:$N$4,12,FALSE()) -> 0.052703574 | K122: =I122-6*J122 -> 10.623779 | L122: =I122+6*J122 -> 11.256221 | M122: =IF(G122="","",IF(AND(G122>=K122,G122<=L122),"OK","NG")) -> NG | N122: =IF(M122="","",IF(M122=D122,1,0)) -> 1 | O122: =IF(G122="","",I122-G122) -> 1.38 | P122: =IF(G122="","",ABS(O122-Components!$C$2)) -> 1.3733333 | Q122: =IF(G122="","",ABS(O122-Components!$C$3)) -> 2.656 | R122: =IF(G122="","",ABS(O122-Components!$C$4)) -> 0.38666667 | S122: =IF(G122="","",ABS(O122-Components!$C$5)) -> 3.1826667 | T122: =IF(G122="","",ABS(O122-Components!$C$6)) -> 0.22433333 | U122: =IF(G122="","",ABS(O122-Components!$C$7)) -> 0.0056666667 | V122: =IF(G122="","",IF(M122="OK","NONE",INDEX({"S1","S2","W1","W2","N1","N2"},MATCH(MIN(P122:U122),P122:U122,0)))) -> N2 | W122: =IF(G122="","",IF(V122=E122,1,0)) -> 1
A123: 121 | B123: 5 | C123: R4 | D123: OK | E123: NONE | F123: 8.95 | G123: =0.97+F123 -> 9.92 | I123: 9.91 | J123: =VLOOKUP(C123,Recipes!$A$2:$N$4,12,FALSE()) -> 0.050137397 | K123: =I123-6*J123 -> 9.6091756 | L123: =I123+6*J123 -> 10.210824 | M123: =IF(G123="","",IF(AND(G123>=K123,G123<=L123),"OK","NG")) -> OK | N123: =IF(M123="","",IF(M123=D123,1,0)) -> 1 | O123: =IF(G123="","",I123-G123) -> -0.01 | P123: =IF(G123="","",ABS(O123-Components!$C$2)) -> 2.7633333 | Q123: =IF(G123="","",ABS(O123-Components!$C$3)) -> 4.046 | R123: =IF(G123="","",ABS(O123-Components!$C$4)) -> 1.0033333 | S123: =IF(G123="","",ABS(O123-Components!$C$5)) -> 4.5726667 | T123: =IF(G123="","",ABS(O123-Components!$C$6)) -> 1.1656667 | U123: =IF(G123="","",ABS(O123-Components!$C$7)) -> 1.3843333 | V123: =IF(G123="","",IF(M123="OK","NONE",INDEX({"S1","S2","W1","W2","N1","N2"},MATCH(MIN(P123:U123),P123:U123,0)))) -> NONE | W123: =IF(G123="","",IF(V123=E123,1,0)) -> 1
A124: 122 | B124: 5 | C124: R4 | D124: OK | E124: NONE | F124: 8.94 | G124: =0.97+F124 -> 9.91 | I124: 9.91 | J124: =VLOOKUP(C124,Recipes!$A$2:$N$4,12,FALSE()) -> 0.050137397 | K124: =I124-6*J124 -> 9.6091756 | L124: =I124+6*J124 -> 10.210824 | M124: =IF(G124="","",IF(AND(G124>=K124,G124<=L124),"OK","NG")) -> OK | N124: =IF(M124="","",IF(M124=D124,1,0)) -> 1 | O124: =IF(G124="","",I124-G124) -> 0 | P124: =IF(G124="","",ABS(O124-Components!$C$2)) -> 2.7533333 | Q124: =IF(G124="","",ABS(O124-Components!$C$3)) -> 4.036 | R124: =IF(G124="","",ABS(O124-Components!$C$4)) -> 0.99333333 | S124: =IF(G124="","",ABS(O124-Components!$C$5)) -> 4.5626667 | T124: =IF(G124="","",ABS(O124-Components!$C$6)) -> 1.1556667 | U124: =IF(G124="","",ABS(O124-Components!$C$7)) -> 1.3743333 | V124: =IF(G124="","",IF(M124="OK","NONE",INDEX({"S1","S2","W1","W2","N1","N2"},MATCH(MIN(P124:U124),P124:U124,0)))) -> NONE | W124: =IF(G124="","",IF(V124=E124,1,0)) -> 1
A125: 123 | B125: 5 | C125: R4 | D125: OK | E125: NONE | F125: 8.94 | G125: =0.97+F125 -> 9.91 | I125: 9.91 | J125: =VLOOKUP(C125,Recipes!$A$2:$N$4,12,FALSE()) -> 0.050137397 | K125: =I125-6*J125 -> 9.6091756 | L125: =I125+6*J125 -> 10.210824 | M125: =IF(G125="","",IF(AND(G125>=K125,G125<=L125),"OK","NG")) -> OK | N125: =IF(M125="","",IF(M125=D125,1,0)) -> 1 | O125: =IF(G125="","",I125-G125) -> 0 | P125: =IF(G125="","",ABS(O125-Components!$C$2)) -> 2.7533333 | Q125: =IF(G125="","",ABS(O125-Components!$C$3)) -> 4.036 | R125: =IF(G125="","",ABS(O125-Components!$C$4)) -> 0.99333333 | S125: =IF(G125="","",ABS(O125-Components!$C$5)) -> 4.5626667 | T125: =IF(G125="","",ABS(O125-Components!$C$6)) -> 1.1556667 | U125: =IF(G125="","",ABS(O125-Components!$C$7)) -> 1.3743333 | V125: =IF(G125="","",IF(M125="OK","NONE",INDEX({"S1","S2","W1","W2","N1","N2"},MATCH(MIN(P125:U125),P125:U125,0)))) -> NONE | W125: =IF(G125="","",IF(V125=E125,1,0)) -> 1
A126: 124 | B126: 5 | C126: R4 | D126: OK | E126: NONE | F126: 8.89 | G126: =0.97+F126 -> 9.86 | I126: 9.91 | J126: =VLOOKUP(C126,Recipes!$A$2:$N$4,12,FALSE()) -> 0.050137397 | K126: =I126-6*J126 -> 9.6091756 | L126: =I126+6*J126 -> 10.210824 | M126: =IF(G126="","",IF(AND(G126>=K126,G126<=L126),"OK","NG")) -> OK | N126: =IF(M126="","",IF(M126=D126,1,0)) -> 1 | O126: =IF(G126="","",I126-G126) -> 0.05 | P126: =IF(G126="","",ABS(O126-Components!$C$2)) -> 2.7033333 | Q126: =IF(G126="","",ABS(O126-Components!$C$3)) -> 3.986 | R126: =IF(G126="","",ABS(O126-Components!$C$4)) -> 0.94333333 | S126: =IF(G126="","",ABS(O126-Components!$C$5)) -> 4.5126667 | T126: =IF(G126="","",ABS(O126-Components!$C$6)) -> 1.1056667 | U126: =IF(G126="","",ABS(O126-Components!$C$7)) -> 1.3243333 | V126: =IF(G126="","",IF(M126="OK","NONE",INDEX({"S1","S2","W1","W2","N1","N2"},MATCH(MIN(P126:U126),P126:U126,0)))) -> NONE | W126: =IF(G126="","",IF(V126=E126,1,0)) -> 1
A127: 125 | B127: 5 | C127: R4 | D127: OK | E127: NONE | F127: 8.89 | G127: =0.97+F127 -> 9.86 | I127: 9.91 | J127: =VLOOKUP(C127,Recipes!$A$2:$N$4,12,FALSE()) -> 0.050137397 | K127: =I127-6*J127 -> 9.6091756 | L127: =I127+6*J127 -> 10.210824 | M127: =IF(G127="","",IF(AND(G127>=K127,G127<=L127),"OK","NG")) -> OK | N127: =IF(M127="","",IF(M127=D127,1,0)) -> 1 | O127: =IF(G127="","",I127-G127) -> 0.05 | P127: =IF(G127="","",ABS(O127-Components!$C$2)) -> 2.7033333 | Q127: =IF(G127="","",ABS(O127-Components!$C$3)) -> 3.986 | R127: =IF(G127="","",ABS(O127-Components!$C$4)) -> 0.94333333 | S127: =IF(G127="","",ABS(O127-Components!$C$5)) -> 4.5126667 | T127: =IF(G127="","",ABS(O127-Components!$C$6)) -> 1.1056667 | U127: =IF(G127="","",ABS(O127-Components!$C$7)) -> 1.3243333 | V127: =IF(G127="","",IF(M127="OK","NONE",INDEX({"S1","S2","W1","W2","N1","N2"},MATCH(MIN(P127:U127),P127:U127,0)))) -> NONE | W127: =IF(G127="","",IF(V127=E127,1,0)) -> 1
A128: 126 | B128: 5 | C128: R4 | D128: OK | E128: NONE | F128: 8.88 | G128: =0.97+F128 -> 9.85 | I128: 9.91 | J128: =VLOOKUP(C128,Recipes!$A$2:$N$4,12,FALSE()) -> 0.050137397 | K128: =I128-6*J128 -> 9.6091756 | L128: =I128+6*J128 -> 10.210824 | M128: =IF(G128="","",IF(AND(G128>=K128,G128<=L128),"OK","NG")) -> OK | N128: =IF(M128="","",IF(M128=D128,1,0)) -> 1 | O128: =IF(G128="","",I128-G128) -> 0.06 | P128: =IF(G128="","",ABS(O128-Components!$C$2)) -> 2.6933333 | Q128: =IF(G128="","",ABS(O128-Components!$C$3)) -> 3.976 | R128: =IF(G128="","",ABS(O128-Components!$C$4)) -> 0.93333333 | S128: =IF(G128="","",ABS(O128-Components!$C$5)) -> 4.5026667 | T128: =IF(G128="","",ABS(O128-Components!$C$6)) -> 1.0956667 | U128: =IF(G128="","",ABS(O128-Components!$C$7)) -> 1.3143333 | V128: =IF(G128="","",IF(M128="OK","NONE",INDEX({"S1","S2","W1","W2","N1","N2"},MATCH(MIN(P128:U128),P128:U128,0)))) -> NONE | W128: =IF(G128="","",IF(V128=E128,1,0)) -> 1
A129: 127 | B129: 5 | C129: R4 | D129: OK | E129: NONE | F129: 8.91 | G129: =0.97+F129 -> 9.88 | I129: 9.91 | J129: =VLOOKUP(C129,Recipes!$A$2:$N$4,12,FALSE()) -> 0.050137397 | K129: =I129-6*J129 -> 9.6091756 | L129: =I129+6*J129 -> 10.210824 | M129: =IF(G129="","",IF(AND(G129>=K129,G129<=L129),"OK","NG")) -> OK | N129: =IF(M129="","",IF(M129=D129,1,0)) -> 1 | O129: =IF(G129="","",I129-G129) -> 0.03 | P129: =IF(G129="","",ABS(O129-Components!$C$2)) -> 2.7233333 | Q129: =IF(G129="","",ABS(O129-Components!$C$3)) -> 4.006 | R129: =IF(G129="","",ABS(O129-Components!$C$4)) -> 0.96333333 | S129: =IF(G129="","",ABS(O129-Components!$C$5)) -> 4.5326667 | T129: =IF(G129="","",ABS(O129-Components!$C$6)) -> 1.1256667 | U129: =IF(G129="","",ABS(O129-Components!$C$7)) -> 1.3443333 | V129: =IF(G129="","",IF(M129="OK","NONE",INDEX({"S1","S2","W1","W2","N1","N2"},MATCH(MIN(P129:U129),P129:U129,0)))) -> NONE | W129: =IF(G129="","",IF(V129=E129,1,0)) -> 1
A130: 128 | B130: 5 | C130: R4 | D130: OK | E130: NONE | F130: 8.85 | G130: =0.97+F130 -> 9.82 | I130: 9.91 | J130: =VLOOKUP(C130,Recipes!$A$2:$N$4,12,FALSE()) -> 0.050137397 | K130: =I130-6*J130 -> 9.6091756 | L130: =I130+6*J130 -> 10.210824 | M130: =IF(G130="","",IF(AND(G130>=K130,G130<=L130),"OK","NG")) -> OK | N130: =IF(M130="","",IF(M130=D130,1,0)) -> 1 | O130: =IF(G130="","",I130-G130) -> 0.09 | P130: =IF(G130="","",ABS(O130-Components!$C$2)) -> 2.6633333 | Q130: =IF(G130="","",ABS(O130-Components!$C$3)) -> 3.946 | R130: =IF(G130="","",ABS(O130-Components!$C$4)) -> 0.90333333 | S130: =IF(G130="","",ABS(O130-Components!$C$5)) -> 4.4726667 | T130: =IF(G130="","",ABS(O130-Components!$C$6)) -> 1.0656667 | U130: =IF(G130="","",ABS(O130-Components!$C$7)) -> 1.2843333 | V130: =IF(G130="","",IF(M130="OK","NONE",INDEX({"S1","S2","W1","W2","N1","N2"},MATCH(MIN(P130:U130),P130:U130,0)))) -> NONE | W130: =IF(G130="","",IF(V130=E130,1,0)) -> 1
A131: 129 | B131: 5 | C131: R4 | D131: OK | E131: NONE | F131: 8.88 | G131: =0.97+F131 -> 9.85 | I131: 9.91 | J131: =VLOOKUP(C131,Recipes!$A$2:$N$4,12,FALSE()) -> 0.050137397 | K131: =I131-6*J131 -> 9.6091756 | L131: =I131+6*J131 -> 10.210824 | M131: =IF(G131="","",IF(AND(G131>=K131,G131<=L131),"OK","NG")) -> OK | N131: =IF(M131="","",IF(M131=D131,1,0)) -> 1 | O131: =IF(G131="","",I131-G131) -> 0.06 | P131: =IF(G131="","",ABS(O131-Components!$C$2)) -> 2.6933333 | Q131: =IF(G131="","",ABS(O131-Components!$C$3)) -> 3.976 | R131: =IF(G131="","",ABS(O131-Components!$C$4)) -> 0.93333333 | S131: =IF(G131="","",ABS(O131-Components!$C$5)) -> 4.5026667 | T131: =IF(G131="","",ABS(O131-Components!$C$6)) -> 1.0956667 | U131: =IF(G131="","",ABS(O131-Components!$C$7)) -> 1.3143333 | V131: =IF(G131="","",IF(M131="OK","NONE",INDEX({"S1","S2","W1","W2","N1","N2"},MATCH(MIN(P131:U131),P131:U131,0)))) -> NONE | W131: =IF(G131="","",IF(V131=E131,1,0)) -> 1
A132: 130 | B132: 5 | C132: R4 | D132: OK | E132: NONE | F132: 8.87 | G132: =0.97+F132 -> 9.84 | I132: 9.91 | J132: =VLOOKUP(C132,Recipes!$A$2:$N$4,12,FALSE()) -> 0.050137397 | K132: =I132-6*J132 -> 9.6091756 | L132: =I132+6*J132 -> 10.210824 | M132: =IF(G132="","",IF(AND(G132>=K132,G132<=L132),"OK","NG")) -> OK | N132: =IF(M132="","",IF(M132=D132,1,0)) -> 1 | O132: =IF(G132="","",I132-G132) -> 0.07 | P132: =IF(G132="","",ABS(O132-Components!$C$2)) -> 2.6833333 | Q132: =IF(G132="","",ABS(O132-Components!$C$3)) -> 3.966 | R132: =IF(G132="","",ABS(O132-Components!$C$4)) -> 0.92333333 | S132: =IF(G132="","",ABS(O132-Components!$C$5)) -> 4.4926667 | T132: =IF(G132="","",ABS(O132-Components!$C$6)) -> 1.0856667 | U132: =IF(G132="","",ABS(O132-Components!$C$7)) -> 1.3043333 | V132: =IF(G132="","",IF(M132="OK","NONE",INDEX({"S1","S2","W1","W2","N1","N2"},MATCH(MIN(P132:U132),P132:U132,0)))) -> NONE | W132: =IF(G132="","",IF(V132=E132,1,0)) -> 1
A133: 131 | B133: 5 | C133: R4 | D133: OK | E133: NONE | F133: 8.89 | G133: =0.97+F133 -> 9.86 | I133: 9.91 | J133: =VLOOKUP(C133,Recipes!$A$2:$N$4,12,FALSE()) -> 0.050137397 | K133: =I133-6*J133 -> 9.6091756 | L133: =I133+6*J133 -> 10.210824 | M133: =IF(G133="","",IF(AND(G133>=K133,G133<=L133),"OK","NG")) -> OK | N133: =IF(M133="","",IF(M133=D133,1,0)) -> 1 | O133: =IF(G133="","",I133-G133) -> 0.05 | P133: =IF(G133="","",ABS(O133-Components!$C$2)) -> 2.7033333 | Q133: =IF(G133="","",ABS(O133-Components!$C$3)) -> 3.986 | R133: =IF(G133="","",ABS(O133-Components!$C$4)) -> 0.94333333 | S133: =IF(G133="","",ABS(O133-Components!$C$5)) -> 4.5126667 | T133: =IF(G133="","",ABS(O133-Components!$C$6)) -> 1.1056667 | U133: =IF(G133="","",ABS(O133-Components!$C$7)) -> 1.3243333 | V133: =IF(G133="","",IF(M133="OK","NONE",INDEX({"S1","S2","W1","W2","N1","N2"},MATCH(MIN(P133:U133),P133:U133,0)))) -> NONE | W133: =IF(G133="","",IF(V133=E133,1,0)) -> 1
A134: 132 | B134: 5 | C134: R4 | D134: OK | E134: NONE | F134: 8.87 | G134: =0.97+F134 -> 9.84 | I134: 9.91 | J134: =VLOOKUP(C134,Recipes!$A$2:$N$4,12,FALSE()) -> 0.050137397 | K134: =I134-6*J134 -> 9.6091756 | L134: =I134+6*J134 -> 10.210824 | M134: =IF(G134="","",IF(AND(G134>=K134,G134<=L134),"OK","NG")) -> OK | N134: =IF(M134="","",IF(M134=D134,1,0)) -> 1 | O134: =IF(G134="","",I134-G134) -> 0.07 | P134: =IF(G134="","",ABS(O134-Components!$C$2)) -> 2.6833333 | Q134: =IF(G134="","",ABS(O134-Components!$C$3)) -> 3.966 | R134: =IF(G134="","",ABS(O134-Components!$C$4)) -> 0.92333333 | S134: =IF(G134="","",ABS(O134-Components!$C$5)) -> 4.4926667 | T134: =IF(G134="","",ABS(O134-Components!$C$6)) -> 1.0856667 | U134: =IF(G134="","",ABS(O134-Components!$C$7)) -> 1.3043333 | V134: =IF(G134="","",IF(M134="OK","NONE",INDEX({"S1","S2","W1","W2","N1","N2"},MATCH(MIN(P134:U134),P134:U134,0)))) -> NONE | W134: =IF(G134="","",IF(V134=E134,1,0)) -> 1
... A422: 420 | B422: 14 | C422: R6 | D422: NG | E422: N1 | F422: 7.47 | G422: =0.97+F422 -> 8.44 | I422: 9.61 | J422: =VLOOKUP(C422,Recipes!$A$2:$N$4,12,FALSE()) -> 0.061509461 | K422: =I422-6*J422 -> 9.2409432 | L422: =I422+6*J422 -> 9.9790568 | M422: =IF(G422="","",IF(AND(G422>=K422,G422<=L422),"OK","NG")) -> NG | N422: =IF(M422="","",IF(M422=D422,1,0)) -> 1 | O422: =IF(G422="","",I422-G422) -> 1.17 | P422: =IF(G422="","",ABS(O422-Components!$C$2)) -> 1.5833333 | Q422: =IF(G422="","",ABS(O422-Components!$C$3)) -> 2.866 | R422: =IF(G422="","",ABS(O422-Components!$C$4)) -> 0.17666667 | S422: =IF(G422="","",ABS(O422-Components!$C$5)) -> 3.3926667 | T422: =IF(G422="","",ABS(O422-Components!$C$6)) -> 0.014333333 | U422: =IF(G422="","",ABS(O422-Components!$C$7)) -> 0.20433333 | V422: =IF(G422="","",IF(M422="OK","NONE",INDEX({"S1","S2","W1","W2","N1","N2"},MATCH(MIN(P422:U422),P422:U422,0)))) -> N1 | W422: =IF(G422="","",IF(V422=E422,1,0)) -> 1

Sheet Runs Z-Score
A2: run_id | B2: execution_order | C2: recipe | D2: condition | E2: missing_component | F2: measured_weight_g | G2: measured_weight_w/PB | H2: notes | I2: expected_weight | J2: expected_std | K2: lower_bound | L2: upper_bound | M2: predicted_OK_NG | N2: L1_correct | O2: deficit | P2: match_S1 | Q2: match_S2 | R2: match_W1 | S2: match_W2 | T2: match_N1 | U2: match_N2 | V2: predicted_missing | W2: L2_correct | X2: 22 errores
A3: 1 | B3: 1 | C3: R3 | D3: OK | E3: NONE | F3: 9.91 | G3: =0.97+F3 -> 10.88 | I3: =VLOOKUP(C3,Recipes!$A$2:$N$4,10,FALSE()) -> 10.94 | J3: =VLOOKUP(C3,Recipes!$A$2:$N$4,12,FALSE()) -> 0.052703574 | K3: =I3-3*J3 -> 10.781889 | L3: =I3+3*J3 -> 11.098111 | M3: =IF(G3="","",IF(AND(G3>=K3,G3<=L3),"OK","NG")) -> OK | N3: =IF(M3="","",IF(M3=D3,1,0)) -> 1 | O3: =IF(G3="","",I3-G3) -> 0.06 | P3: =IF(G3="","",ABS(O3-Components!$C$2)/Components!$D$2) -> 407.52845 | Q3: =IF(G3="","",ABS(O3-Components!$C$3)/Components!$D$3) -> 288.18796 | R3: =IF(G3="","",ABS(O3-Components!$C$4)/Components!$D$4) -> 66.76855 | S3: =IF(G3="","",ABS(O3-Components!$C$5)/Components!$D$5) -> 178.8205 | T3: =IF(G3="","",ABS(O3-Components!$C$6)/Components!$D$6) -> 39.657135 | U3: =IF(G3="","",ABS(O3-Components!$C$7)/Components!$D$7) -> 52.269016 | V3: =IF(G3="","",IF(M3="OK","NONE",INDEX({"S1","S2","W1","W2","N1","N2"},MATCH(MIN(P3:U3),P3:U3,0)))) -> NONE | W3: =IF(G3="","",IF(V3=E3,1,0)) -> 1
A4: 2 | B4: 1 | C4: R3 | D4: OK | E4: NONE | F4: 10 | G4: =0.97+F4 -> 10.97 | I4: =VLOOKUP(C4,Recipes!$A$2:$N$4,10,FALSE()) -> 10.94 | J4: =VLOOKUP(C4,Recipes!$A$2:$N$4,12,FALSE()) -> 0.052703574 | K4: =I4-3*J4 -> 10.781889 | L4: =I4+3*J4 -> 11.098111 | M4: =IF(G4="","",IF(AND(G4>=K4,G4<=L4),"OK","NG")) -> OK | N4: =IF(M4="","",IF(M4=D4,1,0)) -> 1 | O4: =IF(G4="","",I4-G4) -> -0.03 | P4: =IF(G4="","",ABS(O4-Components!$C$2)/Components!$D$2) -> 421.14636 | Q4: =IF(G4="","",ABS(O4-Components!$C$3)/Components!$D$3) -> 294.71133 | R4: =IF(G4="","",ABS(O4-Components!$C$4)/Components!$D$4) -> 73.206945 | S4: =IF(G4="","",ABS(O4-Components!$C$5)/Components!$D$5) -> 182.39479 | T4: =IF(G4="","",ABS(O4-Components!$C$6)/Components!$D$6) -> 42.914642 | U4: =IF(G4="","",ABS(O4-Components!$C$7)/Components!$D$7) -> 55.848178 | V4: =IF(G4="","",IF(M4="OK","NONE",INDEX({"S1","S2","W1","W2","N1","N2"},MATCH(MIN(P4:U4),P4:U4,0)))) -> NONE | W4: =IF(G4="","",IF(V4=E4,1,0)) -> 1
A5: 3 | B5: 1 | C5: R3 | D5: OK | E5: NONE | F5: 10 | G5: =0.97+F5 -> 10.97 | I5: =VLOOKUP(C5,Recipes!$A$2:$N$4,10,FALSE()) -> 10.94 | J5: =VLOOKUP(C5,Recipes!$A$2:$N$4,12,FALSE()) -> 0.052703574 | K5: =I5-3*J5 -> 10.781889 | L5: =I5+3*J5 -> 11.098111 | M5: =IF(G5="","",IF(AND(G5>=K5,G5<=L5),"OK","NG")) -> OK | N5: =IF(M5="","",IF(M5=D5,1,0)) -> 1 | O5: =IF(G5="","",I5-G5) -> -0.03 | P5: =IF(G5="","",ABS(O5-Components!$C$2)/Components!$D$2) -> 421.14636 | Q5: =IF(G5="","",ABS(O5-Components!$C$3)/Components!$D$3) -> 294.71133 | R5: =IF(G5="","",ABS(O5-Components!$C$4)/Components!$D$4) -> 73.206945 | S5: =IF(G5="","",ABS(O5-Components!$C$5)/Components!$D$5) -> 182.39479 | T5: =IF(G5="","",ABS(O5-Components!$C$6)/Components!$D$6) -> 42.914642 | U5: =IF(G5="","",ABS(O5-Components!$C$7)/Components!$D$7) -> 55.848178 | V5: =IF(G5="","",IF(M5="OK","NONE",INDEX({"S1","S2","W1","W2","N1","N2"},MATCH(MIN(P5:U5),P5:U5,0)))) -> NONE | W5: =IF(G5="","",IF(V5=E5,1,0)) -> 1
A6: 4 | B6: 1 | C6: R3 | D6: OK | E6: NONE | F6: 9.91 | G6: =0.97+F6 -> 10.88 | I6: =VLOOKUP(C6,Recipes!$A$2:$N$4,10,FALSE()) -> 10.94 | J6: =VLOOKUP(C6,Recipes!$A$2:$N$4,12,FALSE()) -> 0.052703574 | K6: =I6-3*J6 -> 10.781889 | L6: =I6+3*J6 -> 11.098111 | M6: =IF(G6="","",IF(AND(G6>=K6,G6<=L6),"OK","NG")) -> OK | N6: =IF(M6="","",IF(M6=D6,1,0)) -> 1 | O6: =IF(G6="","",I6-G6) -> 0.06 | P6: =IF(G6="","",ABS(O6-Components!$C$2)/Components!$D$2) -> 407.52845 | Q6: =IF(G6="","",ABS(O6-Components!$C$3)/Components!$D$3) -> 288.18796 | R6: =IF(G6="","",ABS(O6-Components!$C$4)/Components!$D$4) -> 66.76855 | S6: =IF(G6="","",ABS(O6-Components!$C$5)/Components!$D$5) -> 178.8205 | T6: =IF(G6="","",ABS(O6-Components!$C$6)/Components!$D$6) -> 39.657135 | U6: =IF(G6="","",ABS(O6-Components!$C$7)/Components!$D$7) -> 52.269016 | V6: =IF(G6="","",IF(M6="OK","NONE",INDEX({"S1","S2","W1","W2","N1","N2"},MATCH(MIN(P6:U6),P6:U6,0)))) -> NONE | W6: =IF(G6="","",IF(V6=E6,1,0)) -> 1
A7: 5 | B7: 1 | C7: R3 | D7: OK | E7: NONE | F7: 10.04 | G7: =0.97+F7 -> 11.01 | I7: =VLOOKUP(C7,Recipes!$A$2:$N$4,10,FALSE()) -> 10.94 | J7: =VLOOKUP(C7,Recipes!$A$2:$N$4,12,FALSE()) -> 0.052703574 | K7: =I7-3*J7 -> 10.781889 | L7: =I7+3*J7 -> 11.098111 | M7: =IF(G7="","",IF(AND(G7>=K7,G7<=L7),"OK","NG")) -> OK | N7: =IF(M7="","",IF(M7=D7,1,0)) -> 1 | O7: =IF(G7="","",I7-G7) -> -0.07 | P7: =IF(G7="","",ABS(O7-Components!$C$2)/Components!$D$2) -> 427.19876 | Q7: =IF(G7="","",ABS(O7-Components!$C$3)/Components!$D$3) -> 297.61061 | R7: =IF(G7="","",ABS(O7-Components!$C$4)/Components!$D$4) -> 76.068455 | S7: =IF(G7="","",ABS(O7-Components!$C$5)/Components!$D$5) -> 183.98336 | T7: =IF(G7="","",ABS(O7-Components!$C$6)/Components!$D$6) -> 44.362423 | U7: =IF(G7="","",ABS(O7-Components!$C$7)/Components!$D$7) -> 57.438916 | V7: =IF(G7="","",IF(M7="OK","NONE",INDEX({"S1","S2","W1","W2","N1","N2"},MATCH(MIN(P7:U7),P7:U7,0)))) -> NONE | W7: =IF(G7="","",IF(V7=E7,1,0)) -> 1
A8: 6 | B8: 1 | C8: R3 | D8: OK | E8: NONE | F8: 9.84 | G8: =0.97+F8 -> 10.81 | I8: =VLOOKUP(C8,Recipes!$A$2:$N$4,10,FALSE()) -> 10.94 | J8: =VLOOKUP(C8,Recipes!$A$2:$N$4,12,FALSE()) -> 0.052703574 | K8: =I8-3*J8 -> 10.781889 | L8: =I8+3*J8 -> 11.098111 | M8: =IF(G8="","",IF(AND(G8>=K8,G8<=L8),"OK","NG")) -> OK | N8: =IF(M8="","",IF(M8=D8,1,0)) -> 1 | O8: =IF(G8="","",I8-G8) -> 0.13 | P8: =IF(G8="","",ABS(O8-Components!$C$2)/Components!$D$2) -> 396.93675 | Q8: =IF(G8="","",ABS(O8-Components!$C$3)/Components!$D$3) -> 283.11423 | R8: =IF(G8="","",ABS(O8-Components!$C$4)/Components!$D$4) -> 61.760908 | S8: =IF(G8="","",ABS(O8-Components!$C$5)/Components!$D$5) -> 176.04049 | T8: =IF(G8="","",ABS(O8-Components!$C$6)/Components!$D$6) -> 37.123518 | U8: =IF(G8="","",ABS(O8-Components!$C$7)/Components!$D$7) -> 49.485224 | V8: =IF(G8="","",IF(M8="OK","NONE",INDEX({"S1","S2","W1","W2","N1","N2"},MATCH(MIN(P8:U8),P8:U8,0)))) -> NONE | W8: =IF(G8="","",IF(V8=E8,1,0)) -> 1
A9: 7 | B9: 1 | C9: R3 | D9: OK | E9: NONE | F9: 9.9 | G9: =0.97+F9 -> 10.87 | I9: =VLOOKUP(C9,Recipes!$A$2:$N$4,10,FALSE()) -> 10.94 | J9: =VLOOKUP(C9,Recipes!$A$2:$N$4,12,FALSE()) -> 0.052703574 | K9: =I9-3*J9 -> 10.781889 | L9: =I9+3*J9 -> 11.098111 | M9: =IF(G9="","",IF(AND(G9>=K9,G9<=L9),"OK","NG")) -> OK | N9: =IF(M9="","",IF(M9=D9,1,0)) -> 1 | O9: =IF(G9="","",I9-G9) -> 0.07 | P9: =IF(G9="","",ABS(O9-Components!$C$2)/Components!$D$2) -> 406.01535 | Q9: =IF(G9="","",ABS(O9-Components!$C$3)/Components!$D$3) -> 287.46314 | R9: =IF(G9="","",ABS(O9-Components!$C$4)/Components!$D$4) -> 66.053172 | S9: =IF(G9="","",ABS(O9-Components!$C$5)/Components!$D$5) -> 178.42335 | T9: =IF(G9="","",ABS(O9-Components!$C$6)/Components!$D$6) -> 39.29519 | U9: =IF(G9="","",ABS(O9-Components!$C$7)/Components!$D$7) -> 51.871332 | V9: =IF(G9="","",IF(M9="OK","NONE",INDEX({"S1","S2","W1","W2","N1","N2"},MATCH(MIN(P9:U9),P9:U9,0)))) -> NONE | W9: =IF(G9="","",IF(V9=E9,1,0)) -> 1
A10: 8 | B10: 1 | C10: R3 | D10: OK | E10: NONE | F10: 9.92 | G10: =0.97+F10 -> 10.89 | I10: =VLOOKUP(C10,Recipes!$A$2:$N$4,10,FALSE()) -> 10.94 | J10: =VLOOKUP(C10,Recipes!$A$2:$N$4,12,FALSE()) -> 0.052703574 | K10: =I10-3*J10 -> 10.781889 | L10: =I10+3*J10 -> 11.098111 | M10: =IF(G10="","",IF(AND(G10>=K10,G10<=L10),"OK","NG")) -> OK | N10: =IF(M10="","",IF(M10=D10,1,0)) -> 1 | O10: =IF(G10="","",I10-G10) -> 0.05 | P10: =IF(G10="","",ABS(O10-Components!$C$2)/Components!$D$2) -> 409.04155 | Q10: =IF(G10="","",ABS(O10-Components!$C$3)/Components!$D$3) -> 288.91278 | R10: =IF(G10="","",ABS(O10-Components!$C$4)/Components!$D$4) -> 67.483927 | S10: =IF(G10="","",ABS(O10-Components!$C$5)/Components!$D$5) -> 179.21764 | T10: =IF(G10="","",ABS(O10-Components!$C$6)/Components!$D$6) -> 40.01908 | U10: =IF(G10="","",ABS(O10-Components!$C$7)/Components!$D$7) -> 52.666701 | V10: =IF(G10="","",IF(M10="OK","NONE",INDEX({"S1","S2","W1","W2","N1","N2"},MATCH(MIN(P10:U10),P10:U10,0)))) -> NONE | W10: =IF(G10="","",IF(V10=E10,1,0)) -> 1
A11: 9 | B11: 1 | C11: R3 | D11: OK | E11: NONE | F11: 9.95 | G11: =0.97+F11 -> 10.92 | I11: =VLOOKUP(C11,Recipes!$A$2:$N$4,10,FALSE()) -> 10.94 | J11: =VLOOKUP(C11,Recipes!$A$2:$N$4,12,FALSE()) -> 0.052703574 | K11: =I11-3*J11 -> 10.781889 | L11: =I11+3*J11 -> 11.098111 | M11: =IF(G11="","",IF(AND(G11>=K11,G11<=L11),"OK","NG")) -> OK | N11: =IF(M11="","",IF(M11=D11,1,0)) -> 1 | O11: =IF(G11="","",I11-G11) -> 0.02 | P11: =IF(G11="","",ABS(O11-Components!$C$2)/Components!$D$2) -> 413.58085 | Q11: =IF(G11="","",ABS(O11-Components!$C$3)/Components!$D$3) -> 291.08724 | R11: =IF(G11="","",ABS(O11-Components!$C$4)/Components!$D$4) -> 69.630059 | S11: =IF(G11="","",ABS(O11-Components!$C$5)/Components!$D$5) -> 180.40907 | T11: =IF(G11="","",ABS(O11-Components!$C$6)/Components!$D$6) -> 41.104916 | U11: =IF(G11="","",ABS(O11-Components!$C$7)/Components!$D$7) -> 53.859755 | V11: =IF(G11="","",IF(M11="OK","NONE",INDEX({"S1","S2","W1","W2","N1","N2"},MATCH(MIN(P11:U11),P11:U11,0)))) -> NONE | W11: =IF(G11="","",IF(V11=E11,1,0)) -> 1
A12: 10 | B12: 1 | C12: R3 | D12: OK | E12: NONE | F12: 9.87 | G12: =0.97+F12 -> 10.84 | I12: =VLOOKUP(C12,Recipes!$A$2:$N$4,10,FALSE()) -> 10.94 | J12: =VLOOKUP(C12,Recipes!$A$2:$N$4,12,FALSE()) -> 0.052703574 | K12: =I12-3*J12 -> 10.781889 | L12: =I12+3*J12 -> 11.098111 | M12: =IF(G12="","",IF(AND(G12>=K12,G12<=L12),"OK","NG")) -> OK | N12: =IF(M12="","",IF(M12=D12,1,0)) -> 1 | O12: =IF(G12="","",I12-G12) -> 0.1 | P12: =IF(G12="","",ABS(O12-Components!$C$2)/Components!$D$2) -> 401.47605 | Q12: =IF(G12="","",ABS(O12-Components!$C$3)/Components!$D$3) -> 285.28869 | R12: =IF(G12="","",ABS(O12-Components!$C$4)/Components!$D$4) -> 63.90704 | S12: =IF(G12="","",ABS(O12-Components!$C$5)/Components!$D$5) -> 177.23192 | T12: =IF(G12="","",ABS(O12-Components!$C$6)/Components!$D$6) -> 38.209354 | U12: =IF(G12="","",ABS(O12-Components!$C$7)/Components!$D$7) -> 50.678278 | V12: =IF(G12="","",IF(M12="OK","NONE",INDEX({"S1","S2","W1","W2","N1","N2"},MATCH(MIN(P12:U12),P12:U12,0)))) -> NONE | W12: =IF(G12="","",IF(V12=E12,1,0)) -> 1
A13: 11 | B13: 1 | C13: R3 | D13: OK | E13: NONE | F13: 9.88 | G13: =0.97+F13 -> 10.85 | I13: =VLOOKUP(C13,Recipes!$A$2:$N$4,10,FALSE()) -> 10.94 | J13: =VLOOKUP(C13,Recipes!$A$2:$N$4,12,FALSE()) -> 0.052703574 | K13: =I13-3*J13 -> 10.781889 | L13: =I13+3*J13 -> 11.098111 | M13: =IF(G13="","",IF(AND(G13>=K13,G13<=L13),"OK","NG")) -> OK | N13: =IF(M13="","",IF(M13=D13,1,0)) -> 1 | O13: =IF(G13="","",I13-G13) -> 0.09 | P13: =IF(G13="","",ABS(O13-Components!$C$2)/Components!$D$2) -> 402.98915 | Q13: =IF(G13="","",ABS(O13-Components!$C$3)/Components!$D$3) -> 286.01351 | R13: =IF(G13="","",ABS(O13-Components!$C$4)/Components!$D$4) -> 64.622418 | S13: =IF(G13="","",ABS(O13-Components!$C$5)/Components!$D$5) -> 177.62907 | T13: =IF(G13="","",ABS(O13-Components!$C$6)/Components!$D$6) -> 38.571299 | U13: =IF(G13="","",ABS(O13-Components!$C$7)/Components!$D$7) -> 51.075962 | V13: =IF(G13="","",IF(M13="OK","NONE",INDEX({"S1","S2","W1","W2","N1","N2"},MATCH(MIN(P13:U13),P13:U13,0)))) -> NONE | W13: =IF(G13="","",IF(V13=E13,1,0)) -> 1
A14: 12 | B14: 1 | C14: R3 | D14: OK | E14: NONE | F14: 9.91 | G14: =0.97+F14 -> 10.88 | I14: =VLOOKUP(C14,Recipes!$A$2:$N$4,10,FALSE()) -> 10.94 | J14: =VLOOKUP(C14,Recipes!$A$2:$N$4,12,FALSE()) -> 0.052703574 | K14: =I14-3*J14 -> 10.781889 | L14: =I14+3*J14 -> 11.098111 | M14: =IF(G14="","",IF(AND(G14>=K14,G14<=L14),"OK","NG")) -> OK | N14: =IF(M14="","",IF(M14=D14,1,0)) -> 1 | O14: =IF(G14="","",I14-G14) -> 0.06 | P14: =IF(G14="","",ABS(O14-Components!$C$2)/Components!$D$2) -> 407.52845 | Q14: =IF(G14="","",ABS(O14-Components!$C$3)/Components!$D$3) -> 288.18796 | R14: =IF(G14="","",ABS(O14-Components!$C$4)/Components!$D$4) -> 66.76855 | S14: =IF(G14="","",ABS(O14-Components!$C$5)/Components!$D$5) -> 178.8205 | T14: =IF(G14="","",ABS(O14-Components!$C$6)/Components!$D$6) -> 39.657135 | U14: =IF(G14="","",ABS(O14-Components!$C$7)/Components!$D$7) -> 52.269016 | V14: =IF(G14="","",IF(M14="OK","NONE",INDEX({"S1","S2","W1","W2","N1","N2"},MATCH(MIN(P14:U14),P14:U14,0)))) -> NONE | W14: =IF(G14="","",IF(V14=E14,1,0)) -> 1
... A122: 120 | B122: 4 | C122: R3 | D122: NG | E122: N2 | F122: 8.59 | G122: =0.97+F122 -> 9.56 | I122: =VLOOKUP(C122,Recipes!$A$2:$N$4,10,FALSE()) -> 10.94 | J122: =VLOOKUP(C122,Recipes!$A$2:$N$4,12,FALSE()) -> 0.052703574 | K122: =I122-3*J122 -> 10.781889 | L122: =I122+3*J122 -> 11.098111 | M122: =IF(G122="","",IF(AND(G122>=K122,G122<=L122),"OK","NG")) -> NG | N122: =IF(M122="","",IF(M122=D122,1,0)) -> 1 | O122: =IF(G122="","",I122-G122) -> 1.38 | P122: =IF(G122="","",ABS(O122-Components!$C$2)/Components!$D$2) -> 207.79916 | Q122: =IF(G122="","",ABS(O122-Components!$C$3)/Components!$D$3) -> 192.51188 | R122: =IF(G122="","",ABS(O122-Components!$C$4)/Components!$D$4) -> 27.661256 | S122: =IF(G122="","",ABS(O122-Components!$C$5)/Components!$D$5) -> 126.39755 | T122: =IF(G122="","",ABS(O122-Components!$C$6)/Components!$D$6) -> 8.1196385 | U122: =IF(G122="","",ABS(O122-Components!$C$7)/Components!$D$7) -> 0.22535462 | V122: =IF(G122="","",IF(M122="OK","NONE",INDEX({"S1","S2","W1","W2","N1","N2"},MATCH(MIN(P122:U122),P122:U122,0)))) -> N2 | W122: =IF(G122="","",IF(V122=E122,1,0)) -> 1
A123: 121 | B123: 5 | C123: R4 | D123: OK | E123: NONE | F123: 8.95 | G123: =0.97+F123 -> 9.92 | I123: 9.91 | J123: =VLOOKUP(C123,Recipes!$A$2:$N$4,12,FALSE()) -> 0.050137397 | K123: =I123-3*J123 -> 9.7595878 | L123: =I123+3*J123 -> 10.060412 | M123: =IF(G123="","",IF(AND(G123>=K123,G123<=L123),"OK","NG")) -> OK | N123: =IF(M123="","",IF(M123=D123,1,0)) -> 1 | O123: =IF(G123="","",I123-G123) -> -0.01 | P123: =IF(G123="","",ABS(O123-Components!$C$2)/Components!$D$2) -> 418.12016 | Q123: =IF(G123="","",ABS(O123-Components!$C$3)/Components!$D$3) -> 293.26169 | R123: =IF(G123="","",ABS(O123-Components!$C$4)/Components!$D$4) -> 71.776191 | S123: =IF(G123="","",ABS(O123-Components!$C$5)/Components!$D$5) -> 181.6005 | T123: =IF(G123="","",ABS(O123-Components!$C$6)/Components!$D$6) -> 42.190752 | U123: =IF(G123="","",ABS(O123-Components!$C$7)/Components!$D$7) -> 55.052809 | V123: =IF(G123="","",IF(M123="OK","NONE",INDEX({"S1","S2","W1","W2","N1","N2"},MATCH(MIN(P123:U123),P123:U123,0)))) -> NONE | W123: =IF(G123="","",IF(V123=E123,1,0)) -> 1
A124: 122 | B124: 5 | C124: R4 | D124: OK | E124: NONE | F124: 8.94 | G124: =0.97+F124 -> 9.91 | I124: 9.91 | J124: =VLOOKUP(C124,Recipes!$A$2:$N$4,12,FALSE()) -> 0.050137397 | K124: =I124-3*J124 -> 9.7595878 | L124: =I124+3*J124 -> 10.060412 | M124: =IF(G124="","",IF(AND(G124>=K124,G124<=L124),"OK","NG")) -> OK | N124: =IF(M124="","",IF(M124=D124,1,0)) -> 1 | O124: =IF(G124="","",I124-G124) -> 0 | P124: =IF(G124="","",ABS(O124-Components!$C$2)/Components!$D$2) -> 416.60706 | Q124: =IF(G124="","",ABS(O124-Components!$C$3)/Components!$D$3) -> 292.53687 | R124: =IF(G124="","",ABS(O124-Components!$C$4)/Components!$D$4) -> 71.060814 | S124: =IF(G124="","",ABS(O124-Components!$C$5)/Components!$D$5) -> 181.20336 | T124: =IF(G124="","",ABS(O124-Components!$C$6)/Components!$D$6) -> 41.828807 | U124: =IF(G124="","",ABS(O124-Components!$C$7)/Components!$D$7) -> 54.655124 | V124: =IF(G124="","",IF(M124="OK","NONE",INDEX({"S1","S2","W1","W2","N1","N2"},MATCH(MIN(P124:U124),P124:U124,0)))) -> NONE | W124: =IF(G124="","",IF(V124=E124,1,0)) -> 1
A125: 123 | B125: 5 | C125: R4 | D125: OK | E125: NONE | F125: 8.94 | G125: =0.97+F125 -> 9.91 | I125: 9.91 | J125: =VLOOKUP(C125,Recipes!$A$2:$N$4,12,FALSE()) -> 0.050137397 | K125: =I125-3*J125 -> 9.7595878 | L125: =I125+3*J125 -> 10.060412 | M125: =IF(G125="","",IF(AND(G125>=K125,G125<=L125),"OK","NG")) -> OK | N125: =IF(M125="","",IF(M125=D125,1,0)) -> 1 | O125: =IF(G125="","",I125-G125) -> 0 | P125: =IF(G125="","",ABS(O125-Components!$C$2)/Components!$D$2) -> 416.60706 | Q125: =IF(G125="","",ABS(O125-Components!$C$3)/Components!$D$3) -> 292.53687 | R125: =IF(G125="","",ABS(O125-Components!$C$4)/Components!$D$4) -> 71.060814 | S125: =IF(G125="","",ABS(O125-Components!$C$5)/Components!$D$5) -> 181.20336 | T125: =IF(G125="","",ABS(O125-Components!$C$6)/Components!$D$6) -> 41.828807 | U125: =IF(G125="","",ABS(O125-Components!$C$7)/Components!$D$7) -> 54.655124 | V125: =IF(G125="","",IF(M125="OK","NONE",INDEX({"S1","S2","W1","W2","N1","N2"},MATCH(MIN(P125:U125),P125:U125,0)))) -> NONE | W125: =IF(G125="","",IF(V125=E125,1,0)) -> 1
A126: 124 | B126: 5 | C126: R4 | D126: OK | E126: NONE | F126: 8.89 | G126: =0.97+F126 -> 9.86 | I126: 9.91 | J126: =VLOOKUP(C126,Recipes!$A$2:$N$4,12,FALSE()) -> 0.050137397 | K126: =I126-3*J126 -> 9.7595878 | L126: =I126+3*J126 -> 10.060412 | M126: =IF(G126="","",IF(AND(G126>=K126,G126<=L126),"OK","NG")) -> OK | N126: =IF(M126="","",IF(M126=D126,1,0)) -> 1 | O126: =IF(G126="","",I126-G126) -> 0.05 | P126: =IF(G126="","",ABS(O126-Components!$C$2)/Components!$D$2) -> 409.04155 | Q126: =IF(G126="","",ABS(O126-Components!$C$3)/Components!$D$3) -> 288.91278 | R126: =IF(G126="","",ABS(O126-Components!$C$4)/Components!$D$4) -> 67.483927 | S126: =IF(G126="","",ABS(O126-Components!$C$5)/Components!$D$5) -> 179.21764 | T126: =IF(G126="","",ABS(O126-Components!$C$6)/Components!$D$6) -> 40.01908 | U126: =IF(G126="","",ABS(O126-Components!$C$7)/Components!$D$7) -> 52.666701 | V126: =IF(G126="","",IF(M126="OK","NONE",INDEX({"S1","S2","W1","W2","N1","N2"},MATCH(MIN(P126:U126),P126:U126,0)))) -> NONE | W126: =IF(G126="","",IF(V126=E126,1,0)) -> 1
A127: 125 | B127: 5 | C127: R4 | D127: OK | E127: NONE | F127: 8.89 | G127: =0.97+F127 -> 9.86 | I127: 9.91 | J127: =VLOOKUP(C127,Recipes!$A$2:$N$4,12,FALSE()) -> 0.050137397 | K127: =I127-3*J127 -> 9.7595878 | L127: =I127+3*J127 -> 10.060412 | M127: =IF(G127="","",IF(AND(G127>=K127,G127<=L127),"OK","NG")) -> OK | N127: =IF(M127="","",IF(M127=D127,1,0)) -> 1 | O127: =IF(G127="","",I127-G127) -> 0.05 | P127: =IF(G127="","",ABS(O127-Components!$C$2)/Components!$D$2) -> 409.04155 | Q127: =IF(G127="","",ABS(O127-Components!$C$3)/Components!$D$3) -> 288.91278 | R127: =IF(G127="","",ABS(O127-Components!$C$4)/Components!$D$4) -> 67.483927 | S127: =IF(G127="","",ABS(O127-Components!$C$5)/Components!$D$5) -> 179.21764 | T127: =IF(G127="","",ABS(O127-Components!$C$6)/Components!$D$6) -> 40.01908 | U127: =IF(G127="","",ABS(O127-Components!$C$7)/Components!$D$7) -> 52.666701 | V127: =IF(G127="","",IF(M127="OK","NONE",INDEX({"S1","S2","W1","W2","N1","N2"},MATCH(MIN(P127:U127),P127:U127,0)))) -> NONE | W127: =IF(G127="","",IF(V127=E127,1,0)) -> 1
A128: 126 | B128: 5 | C128: R4 | D128: OK | E128: NONE | F128: 8.88 | G128: =0.97+F128 -> 9.85 | I128: 9.91 | J128: =VLOOKUP(C128,Recipes!$A$2:$N$4,12,FALSE()) -> 0.050137397 | K128: =I128-3*J128 -> 9.7595878 | L128: =I128+3*J128 -> 10.060412 | M128: =IF(G128="","",IF(AND(G128>=K128,G128<=L128),"OK","NG")) -> OK | N128: =IF(M128="","",IF(M128=D128,1,0)) -> 1 | O128: =IF(G128="","",I128-G128) -> 0.06 | P128: =IF(G128="","",ABS(O128-Components!$C$2)/Components!$D$2) -> 407.52845 | Q128: =IF(G128="","",ABS(O128-Components!$C$3)/Components!$D$3) -> 288.18796 | R128: =IF(G128="","",ABS(O128-Components!$C$4)/Components!$D$4) -> 66.76855 | S128: =IF(G128="","",ABS(O128-Components!$C$5)/Components!$D$5) -> 178.8205 | T128: =IF(G128="","",ABS(O128-Components!$C$6)/Components!$D$6) -> 39.657135 | U128: =IF(G128="","",ABS(O128-Components!$C$7)/Components!$D$7) -> 52.269016 | V128: =IF(G128="","",IF(M128="OK","NONE",INDEX({"S1","S2","W1","W2","N1","N2"},MATCH(MIN(P128:U128),P128:U128,0)))) -> NONE | W128: =IF(G128="","",IF(V128=E128,1,0)) -> 1
A129: 127 | B129: 5 | C129: R4 | D129: OK | E129: NONE | F129: 8.91 | G129: =0.97+F129 -> 9.88 | I129: 9.91 | J129: =VLOOKUP(C129,Recipes!$A$2:$N$4,12,FALSE()) -> 0.050137397 | K129: =I129-3*J129 -> 9.7595878 | L129: =I129+3*J129 -> 10.060412 | M129: =IF(G129="","",IF(AND(G129>=K129,G129<=L129),"OK","NG")) -> OK | N129: =IF(M129="","",IF(M129=D129,1,0)) -> 1 | O129: =IF(G129="","",I129-G129) -> 0.03 | P129: =IF(G129="","",ABS(O129-Components!$C$2)/Components!$D$2) -> 412.06775 | Q129: =IF(G129="","",ABS(O129-Components!$C$3)/Components!$D$3) -> 290.36242 | R129: =IF(G129="","",ABS(O129-Components!$C$4)/Components!$D$4) -> 68.914682 | S129: =IF(G129="","",ABS(O129-Components!$C$5)/Components!$D$5) -> 180.01193 | T129: =IF(G129="","",ABS(O129-Components!$C$6)/Components!$D$6) -> 40.742971 | U129: =IF(G129="","",ABS(O129-Components!$C$7)/Components!$D$7) -> 53.46207 | V129: =IF(G129="","",IF(M129="OK","NONE",INDEX({"S1","S2","W1","W2","N1","N2"},MATCH(MIN(P129:U129),P129:U129,0)))) -> NONE | W129: =IF(G129="","",IF(V129=E129,1,0)) -> 1
A130: 128 | B130: 5 | C130: R4 | D130: OK | E130: NONE | F130: 8.85 | G130: =0.97+F130 -> 9.82 | I130: 9.91 | J130: =VLOOKUP(C130,Recipes!$A$2:$N$4,12,FALSE()) -> 0.050137397 | K130: =I130-3*J130 -> 9.7595878 | L130: =I130+3*J130 -> 10.060412 | M130: =IF(G130="","",IF(AND(G130>=K130,G130<=L130),"OK","NG")) -> OK | N130: =IF(M130="","",IF(M130=D130,1,0)) -> 1 | O130: =IF(G130="","",I130-G130) -> 0.09 | P130: =IF(G130="","",ABS(O130-Components!$C$2)/Components!$D$2) -> 402.98915 | Q130: =IF(G130="","",ABS(O130-Components!$C$3)/Components!$D$3) -> 286.01351 | R130: =IF(G130="","",ABS(O130-Components!$C$4)/Components!$D$4) -> 64.622418 | S130: =IF(G130="","",ABS(O130-Components!$C$5)/Components!$D$5) -> 177.62907 | T130: =IF(G130="","",ABS(O130-Components!$C$6)/Components!$D$6) -> 38.571299 | U130: =IF(G130="","",ABS(O130-Components!$C$7)/Components!$D$7) -> 51.075962 | V130: =IF(G130="","",IF(M130="OK","NONE",INDEX({"S1","S2","W1","W2","N1","N2"},MATCH(MIN(P130:U130),P130:U130,0)))) -> NONE | W130: =IF(G130="","",IF(V130=E130,1,0)) -> 1
A131: 129 | B131: 5 | C131: R4 | D131: OK | E131: NONE | F131: 8.88 | G131: =0.97+F131 -> 9.85 | I131: 9.91 | J131: =VLOOKUP(C131,Recipes!$A$2:$N$4,12,FALSE()) -> 0.050137397 | K131: =I131-3*J131 -> 9.7595878 | L131: =I131+3*J131 -> 10.060412 | M131: =IF(G131="","",IF(AND(G131>=K131,G131<=L131),"OK","NG")) -> OK | N131: =IF(M131="","",IF(M131=D131,1,0)) -> 1 | O131: =IF(G131="","",I131-G131) -> 0.06 | P131: =IF(G131="","",ABS(O131-Components!$C$2)/Components!$D$2) -> 407.52845 | Q131: =IF(G131="","",ABS(O131-Components!$C$3)/Components!$D$3) -> 288.18796 | R131: =IF(G131="","",ABS(O131-Components!$C$4)/Components!$D$4) -> 66.76855 | S131: =IF(G131="","",ABS(O131-Components!$C$5)/Components!$D$5) -> 178.8205 | T131: =IF(G131="","",ABS(O131-Components!$C$6)/Components!$D$6) -> 39.657135 | U131: =IF(G131="","",ABS(O131-Components!$C$7)/Components!$D$7) -> 52.269016 | V131: =IF(G131="","",IF(M131="OK","NONE",INDEX({"S1","S2","W1","W2","N1","N2"},MATCH(MIN(P131:U131),P131:U131,0)))) -> NONE | W131: =IF(G131="","",IF(V131=E131,1,0)) -> 1
A132: 130 | B132: 5 | C132: R4 | D132: OK | E132: NONE | F132: 8.87 | G132: =0.97+F132 -> 9.84 | I132: 9.91 | J132: =VLOOKUP(C132,Recipes!$A$2:$N$4,12,FALSE()) -> 0.050137397 | K132: =I132-3*J132 -> 9.7595878 | L132: =I132+3*J132 -> 10.060412 | M132: =IF(G132="","",IF(AND(G132>=K132,G132<=L132),"OK","NG")) -> OK | N132: =IF(M132="","",IF(M132=D132,1,0)) -> 1 | O132: =IF(G132="","",I132-G132) -> 0.07 | P132: =IF(G132="","",ABS(O132-Components!$C$2)/Components!$D$2) -> 406.01535 | Q132: =IF(G132="","",ABS(O132-Components!$C$3)/Components!$D$3) -> 287.46314 | R132: =IF(G132="","",ABS(O132-Components!$C$4)/Components!$D$4) -> 66.053172 | S132: =IF(G132="","",ABS(O132-Components!$C$5)/Components!$D$5) -> 178.42335 | T132: =IF(G132="","",ABS(O132-Components!$C$6)/Components!$D$6) -> 39.29519 | U132: =IF(G132="","",ABS(O132-Components!$C$7)/Components!$D$7) -> 51.871332 | V132: =IF(G132="","",IF(M132="OK","NONE",INDEX({"S1","S2","W1","W2","N1","N2"},MATCH(MIN(P132:U132),P132:U132,0)))) -> NONE | W132: =IF(G132="","",IF(V132=E132,1,0)) -> 1
A133: 131 | B133: 5 | C133: R4 | D133: OK | E133: NONE | F133: 8.89 | G133: =0.97+F133 -> 9.86 | I133: 9.91 | J133: =VLOOKUP(C133,Recipes!$A$2:$N$4,12,FALSE()) -> 0.050137397 | K133: =I133-3*J133 -> 9.7595878 | L133: =I133+3*J133 -> 10.060412 | M133: =IF(G133="","",IF(AND(G133>=K133,G133<=L133),"OK","NG")) -> OK | N133: =IF(M133="","",IF(M133=D133,1,0)) -> 1 | O133: =IF(G133="","",I133-G133) -> 0.05 | P133: =IF(G133="","",ABS(O133-Components!$C$2)/Components!$D$2) -> 409.04155 | Q133: =IF(G133="","",ABS(O133-Components!$C$3)/Components!$D$3) -> 288.91278 | R133: =IF(G133="","",ABS(O133-Components!$C$4)/Components!$D$4) -> 67.483927 | S133: =IF(G133="","",ABS(O133-Components!$C$5)/Components!$D$5) -> 179.21764 | T133: =IF(G133="","",ABS(O133-Components!$C$6)/Components!$D$6) -> 40.01908 | U133: =IF(G133="","",ABS(O133-Components!$C$7)/Components!$D$7) -> 52.666701 | V133: =IF(G133="","",IF(M133="OK","NONE",INDEX({"S1","S2","W1","W2","N1","N2"},MATCH(MIN(P133:U133),P133:U133,0)))) -> NONE | W133: =IF(G133="","",IF(V133=E133,1,0)) -> 1
A134: 132 | B134: 5 | C134: R4 | D134: OK | E134: NONE | F134: 8.87 | G134: =0.97+F134 -> 9.84 | I134: 9.91 | J134: =VLOOKUP(C134,Recipes!$A$2:$N$4,12,FALSE()) -> 0.050137397 | K134: =I134-3*J134 -> 9.7595878 | L134: =I134+3*J134 -> 10.060412 | M134: =IF(G134="","",IF(AND(G134>=K134,G134<=L134),"OK","NG")) -> OK | N134: =IF(M134="","",IF(M134=D134,1,0)) -> 1 | O134: =IF(G134="","",I134-G134) -> 0.07 | P134: =IF(G134="","",ABS(O134-Components!$C$2)/Components!$D$2) -> 406.01535 | Q134: =IF(G134="","",ABS(O134-Components!$C$3)/Components!$D$3) -> 287.46314 | R134: =IF(G134="","",ABS(O134-Components!$C$4)/Components!$D$4) -> 66.053172 | S134: =IF(G134="","",ABS(O134-Components!$C$5)/Components!$D$5) -> 178.42335 | T134: =IF(G134="","",ABS(O134-Components!$C$6)/Components!$D$6) -> 39.29519 | U134: =IF(G134="","",ABS(O134-Components!$C$7)/Components!$D$7) -> 51.871332 | V134: =IF(G134="","",IF(M134="OK","NONE",INDEX({"S1","S2","W1","W2","N1","N2"},MATCH(MIN(P134:U134),P134:U134,0)))) -> NONE | W134: =IF(G134="","",IF(V134=E134,1,0)) -> 1
... A422: 420 | B422: 14 | C422: R6 | D422: NG | E422: N1 | F422: 7.47 | G422: =0.97+F422 -> 8.44 | I422: 9.61 | J422: =VLOOKUP(C422,Recipes!$A$2:$N$4,12,FALSE()) -> 0.061509461 | K422: =I422-3*J422 -> 9.4254716 | L422: =I422+3*J422 -> 9.7945284 | M422: =IF(G422="","",IF(AND(G422>=K422,G422<=L422),"OK","NG")) -> NG | N422: =IF(M422="","",IF(M422=D422,1,0)) -> 1 | O422: =IF(G422="","",I422-G422) -> 1.17 | P422: =IF(G422="","",ABS(O422-Components!$C$2)/Components!$D$2) -> 239.57428 | Q422: =IF(G422="","",ABS(O422-Components!$C$3)/Components!$D$3) -> 207.73307 | R422: =IF(G422="","",ABS(O422-Components!$C$4)/Components!$D$4) -> 12.638333 | S422: =IF(G422="","",ABS(O422-Components!$C$5)/Components!$D$5) -> 134.73756 | T422: =IF(G422="","",ABS(O422-Components!$C$6)/Components!$D$6) -> 0.5187882 | U422: =IF(G422="","",ABS(O422-Components!$C$7)/Components!$D$7) -> 8.1260226 | V422: =IF(G422="","",IF(M422="OK","NONE",INDEX({"S1","S2","W1","W2","N1","N2"},MATCH(MIN(P422:U422),P422:U422,0)))) -> N1 | W422: =IF(G422="","",IF(V422=E422,1,0)) -> 1

Sheet Runs Z-Score + 3.5 Sigma
A2: run_id | B2: execution_order | C2: recipe | D2: condition | E2: missing_component | F2: measured_weight_g | G2: measured_weight_w/PB | H2: notes | I2: expected_weight | J2: expected_std | K2: lower_bound | L2: upper_bound | M2: predicted_OK_NG | N2: L1_correct | O2: deficit | P2: match_S1 | Q2: match_S2 | R2: match_W1 | S2: match_W2 | T2: match_N1 | U2: match_N2 | V2: predicted_missing | W2: L2_correct | X2: 22 errores
A3: 1 | B3: 1 | C3: R3 | D3: OK | E3: NONE | F3: 9.91 | G3: =0.97+F3 -> 10.88 | I3: =VLOOKUP(C3,Recipes!$A$2:$N$4,10,FALSE()) -> 10.94 | J3: =VLOOKUP(C3,Recipes!$A$2:$N$4,12,FALSE()) -> 0.052703574 | K3: =I3-3.5*J3 -> 10.755537 | L3: =I3+3.5*J3 -> 11.124463 | M3: =IF(G3="","",IF(AND(G3>=K3,G3<=L3),"OK","NG")) -> OK | N3: =IF(M3="","",IF(M3=D3,1,0)) -> 1 | O3: =IF(G3="","",I3-G3) -> 0.06 | P3: =IF(G3="","",ABS(O3-Components!$C$2)/Components!$D$2) -> 407.52845 | Q3: =IF(G3="","",ABS(O3-Components!$C$3)/Components!$D$3) -> 288.18796 | R3: =IF(G3="","",ABS(O3-Components!$C$4)/Components!$D$4) -> 66.76855 | S3: =IF(G3="","",ABS(O3-Components!$C$5)/Components!$D$5) -> 178.8205 | T3: =IF(G3="","",ABS(O3-Components!$C$6)/Components!$D$6) -> 39.657135 | U3: =IF(G3="","",ABS(O3-Components!$C$7)/Components!$D$7) -> 52.269016 | V3: =IF(G3="","",IF(M3="OK","NONE",INDEX({"S1","S2","W1","W2","N1","N2"},MATCH(MIN(P3:U3),P3:U3,0)))) -> NONE | W3: =IF(G3="","",IF(V3=E3,1,0)) -> 1
A4: 2 | B4: 1 | C4: R3 | D4: OK | E4: NONE | F4: 10 | G4: =0.97+F4 -> 10.97 | I4: =VLOOKUP(C4,Recipes!$A$2:$N$4,10,FALSE()) -> 10.94 | J4: =VLOOKUP(C4,Recipes!$A$2:$N$4,12,FALSE()) -> 0.052703574 | K4: =I4-3.5*J4 -> 10.755537 | L4: =I4+3.5*J4 -> 11.124463 | M4: =IF(G4="","",IF(AND(G4>=K4,G4<=L4),"OK","NG")) -> OK | N4: =IF(M4="","",IF(M4=D4,1,0)) -> 1 | O4: =IF(G4="","",I4-G4) -> -0.03 | P4: =IF(G4="","",ABS(O4-Components!$C$2)/Components!$D$2) -> 421.14636 | Q4: =IF(G4="","",ABS(O4-Components!$C$3)/Components!$D$3) -> 294.71133 | R4: =IF(G4="","",ABS(O4-Components!$C$4)/Components!$D$4) -> 73.206945 | S4: =IF(G4="","",ABS(O4-Components!$C$5)/Components!$D$5) -> 182.39479 | T4: =IF(G4="","",ABS(O4-Components!$C$6)/Components!$D$6) -> 42.914642 | U4: =IF(G4="","",ABS(O4-Components!$C$7)/Components!$D$7) -> 55.848178 | V4: =IF(G4="","",IF(M4="OK","NONE",INDEX({"S1","S2","W1","W2","N1","N2"},MATCH(MIN(P4:U4),P4:U4,0)))) -> NONE | W4: =IF(G4="","",IF(V4=E4,1,0)) -> 1
A5: 3 | B5: 1 | C5: R3 | D5: OK | E5: NONE | F5: 10 | G5: =0.97+F5 -> 10.97 | I5: =VLOOKUP(C5,Recipes!$A$2:$N$4,10,FALSE()) -> 10.94 | J5: =VLOOKUP(C5,Recipes!$A$2:$N$4,12,FALSE()) -> 0.052703574 | K5: =I5-3.5*J5 -> 10.755537 | L5: =I5+3.5*J5 -> 11.124463 | M5: =IF(G5="","",IF(AND(G5>=K5,G5<=L5),"OK","NG")) -> OK | N5: =IF(M5="","",IF(M5=D5,1,0)) -> 1 | O5: =IF(G5="","",I5-G5) -> -0.03 | P5: =IF(G5="","",ABS(O5-Components!$C$2)/Components!$D$2) -> 421.14636 | Q5: =IF(G5="","",ABS(O5-Components!$C$3)/Components!$D$3) -> 294.71133 | R5: =IF(G5="","",ABS(O5-Components!$C$4)/Components!$D$4) -> 73.206945 | S5: =IF(G5="","",ABS(O5-Components!$C$5)/Components!$D$5) -> 182.39479 | T5: =IF(G5="","",ABS(O5-Components!$C$6)/Components!$D$6) -> 42.914642 | U5: =IF(G5="","",ABS(O5-Components!$C$7)/Components!$D$7) -> 55.848178 | V5: =IF(G5="","",IF(M5="OK","NONE",INDEX({"S1","S2","W1","W2","N1","N2"},MATCH(MIN(P5:U5),P5:U5,0)))) -> NONE | W5: =IF(G5="","",IF(V5=E5,1,0)) -> 1
A6: 4 | B6: 1 | C6: R3 | D6: OK | E6: NONE | F6: 9.91 | G6: =0.97+F6 -> 10.88 | I6: =VLOOKUP(C6,Recipes!$A$2:$N$4,10,FALSE()) -> 10.94 | J6: =VLOOKUP(C6,Recipes!$A$2:$N$4,12,FALSE()) -> 0.052703574 | K6: =I6-3.5*J6 -> 10.755537 | L6: =I6+3.5*J6 -> 11.124463 | M6: =IF(G6="","",IF(AND(G6>=K6,G6<=L6),"OK","NG")) -> OK | N6: =IF(M6="","",IF(M6=D6,1,0)) -> 1 | O6: =IF(G6="","",I6-G6) -> 0.06 | P6: =IF(G6="","",ABS(O6-Components!$C$2)/Components!$D$2) -> 407.52845 | Q6: =IF(G6="","",ABS(O6-Components!$C$3)/Components!$D$3) -> 288.18796 | R6: =IF(G6="","",ABS(O6-Components!$C$4)/Components!$D$4) -> 66.76855 | S6: =IF(G6="","",ABS(O6-Components!$C$5)/Components!$D$5) -> 178.8205 | T6: =IF(G6="","",ABS(O6-Components!$C$6)/Components!$D$6) -> 39.657135 | U6: =IF(G6="","",ABS(O6-Components!$C$7)/Components!$D$7) -> 52.269016 | V6: =IF(G6="","",IF(M6="OK","NONE",INDEX({"S1","S2","W1","W2","N1","N2"},MATCH(MIN(P6:U6),P6:U6,0)))) -> NONE | W6: =IF(G6="","",IF(V6=E6,1,0)) -> 1
A7: 5 | B7: 1 | C7: R3 | D7: OK | E7: NONE | F7: 10.04 | G7: =0.97+F7 -> 11.01 | I7: =VLOOKUP(C7,Recipes!$A$2:$N$4,10,FALSE()) -> 10.94 | J7: =VLOOKUP(C7,Recipes!$A$2:$N$4,12,FALSE()) -> 0.052703574 | K7: =I7-3.5*J7 -> 10.755537 | L7: =I7+3.5*J7 -> 11.124463 | M7: =IF(G7="","",IF(AND(G7>=K7,G7<=L7),"OK","NG")) -> OK | N7: =IF(M7="","",IF(M7=D7,1,0)) -> 1 | O7: =IF(G7="","",I7-G7) -> -0.07 | P7: =IF(G7="","",ABS(O7-Components!$C$2)/Components!$D$2) -> 427.19876 | Q7: =IF(G7="","",ABS(O7-Components!$C$3)/Components!$D$3) -> 297.61061 | R7: =IF(G7="","",ABS(O7-Components!$C$4)/Components!$D$4) -> 76.068455 | S7: =IF(G7="","",ABS(O7-Components!$C$5)/Components!$D$5) -> 183.98336 | T7: =IF(G7="","",ABS(O7-Components!$C$6)/Components!$D$6) -> 44.362423 | U7: =IF(G7="","",ABS(O7-Components!$C$7)/Components!$D$7) -> 57.438916 | V7: =IF(G7="","",IF(M7="OK","NONE",INDEX({"S1","S2","W1","W2","N1","N2"},MATCH(MIN(P7:U7),P7:U7,0)))) -> NONE | W7: =IF(G7="","",IF(V7=E7,1,0)) -> 1
A8: 6 | B8: 1 | C8: R3 | D8: OK | E8: NONE | F8: 9.84 | G8: =0.97+F8 -> 10.81 | I8: =VLOOKUP(C8,Recipes!$A$2:$N$4,10,FALSE()) -> 10.94 | J8: =VLOOKUP(C8,Recipes!$A$2:$N$4,12,FALSE()) -> 0.052703574 | K8: =I8-3.5*J8 -> 10.755537 | L8: =I8+3.5*J8 -> 11.124463 | M8: =IF(G8="","",IF(AND(G8>=K8,G8<=L8),"OK","NG")) -> OK | N8: =IF(M8="","",IF(M8=D8,1,0)) -> 1 | O8: =IF(G8="","",I8-G8) -> 0.13 | P8: =IF(G8="","",ABS(O8-Components!$C$2)/Components!$D$2) -> 396.93675 | Q8: =IF(G8="","",ABS(O8-Components!$C$3)/Components!$D$3) -> 283.11423 | R8: =IF(G8="","",ABS(O8-Components!$C$4)/Components!$D$4) -> 61.760908 | S8: =IF(G8="","",ABS(O8-Components!$C$5)/Components!$D$5) -> 176.04049 | T8: =IF(G8="","",ABS(O8-Components!$C$6)/Components!$D$6) -> 37.123518 | U8: =IF(G8="","",ABS(O8-Components!$C$7)/Components!$D$7) -> 49.485224 | V8: =IF(G8="","",IF(M8="OK","NONE",INDEX({"S1","S2","W1","W2","N1","N2"},MATCH(MIN(P8:U8),P8:U8,0)))) -> NONE | W8: =IF(G8="","",IF(V8=E8,1,0)) -> 1
A9: 7 | B9: 1 | C9: R3 | D9: OK | E9: NONE | F9: 9.9 | G9: =0.97+F9 -> 10.87 | I9: =VLOOKUP(C9,Recipes!$A$2:$N$4,10,FALSE()) -> 10.94 | J9: =VLOOKUP(C9,Recipes!$A$2:$N$4,12,FALSE()) -> 0.052703574 | K9: =I9-3.5*J9 -> 10.755537 | L9: =I9+3.5*J9 -> 11.124463 | M9: =IF(G9="","",IF(AND(G9>=K9,G9<=L9),"OK","NG")) -> OK | N9: =IF(M9="","",IF(M9=D9,1,0)) -> 1 | O9: =IF(G9="","",I9-G9) -> 0.07 | P9: =IF(G9="","",ABS(O9-Components!$C$2)/Components!$D$2) -> 406.01535 | Q9: =IF(G9="","",ABS(O9-Components!$C$3)/Components!$D$3) -> 287.46314 | R9: =IF(G9="","",ABS(O9-Components!$C$4)/Components!$D$4) -> 66.053172 | S9: =IF(G9="","",ABS(O9-Components!$C$5)/Components!$D$5) -> 178.42335 | T9: =IF(G9="","",ABS(O9-Components!$C$6)/Components!$D$6) -> 39.29519 | U9: =IF(G9="","",ABS(O9-Components!$C$7)/Components!$D$7) -> 51.871332 | V9: =IF(G9="","",IF(M9="OK","NONE",INDEX({"S1","S2","W1","W2","N1","N2"},MATCH(MIN(P9:U9),P9:U9,0)))) -> NONE | W9: =IF(G9="","",IF(V9=E9,1,0)) -> 1
A10: 8 | B10: 1 | C10: R3 | D10: OK | E10: NONE | F10: 9.92 | G10: =0.97+F10 -> 10.89 | I10: =VLOOKUP(C10,Recipes!$A$2:$N$4,10,FALSE()) -> 10.94 | J10: =VLOOKUP(C10,Recipes!$A$2:$N$4,12,FALSE()) -> 0.052703574 | K10: =I10-3.5*J10 -> 10.755537 | L10: =I10+3.5*J10 -> 11.124463 | M10: =IF(G10="","",IF(AND(G10>=K10,G10<=L10),"OK","NG")) -> OK | N10: =IF(M10="","",IF(M10=D10,1,0)) -> 1 | O10: =IF(G10="","",I10-G10) -> 0.05 | P10: =IF(G10="","",ABS(O10-Components!$C$2)/Components!$D$2) -> 409.04155 | Q10: =IF(G10="","",ABS(O10-Components!$C$3)/Components!$D$3) -> 288.91278 | R10: =IF(G10="","",ABS(O10-Components!$C$4)/Components!$D$4) -> 67.483927 | S10: =IF(G10="","",ABS(O10-Components!$C$5)/Components!$D$5) -> 179.21764 | T10: =IF(G10="","",ABS(O10-Components!$C$6)/Components!$D$6) -> 40.01908 | U10: =IF(G10="","",ABS(O10-Components!$C$7)/Components!$D$7) -> 52.666701 | V10: =IF(G10="","",IF(M10="OK","NONE",INDEX({"S1","S2","W1","W2","N1","N2"},MATCH(MIN(P10:U10),P10:U10,0)))) -> NONE | W10: =IF(G10="","",IF(V10=E10,1,0)) -> 1
A11: 9 | B11: 1 | C11: R3 | D11: OK | E11: NONE | F11: 9.95 | G11: =0.97+F11 -> 10.92 | I11: =VLOOKUP(C11,Recipes!$A$2:$N$4,10,FALSE()) -> 10.94 | J11: =VLOOKUP(C11,Recipes!$A$2:$N$4,12,FALSE()) -> 0.052703574 | K11: =I11-3.5*J11 -> 10.755537 | L11: =I11+3.5*J11 -> 11.124463 | M11: =IF(G11="","",IF(AND(G11>=K11,G11<=L11),"OK","NG")) -> OK | N11: =IF(M11="","",IF(M11=D11,1,0)) -> 1 | O11: =IF(G11="","",I11-G11) -> 0.02 | P11: =IF(G11="","",ABS(O11-Components!$C$2)/Components!$D$2) -> 413.58085 | Q11: =IF(G11="","",ABS(O11-Components!$C$3)/Components!$D$3) -> 291.08724 | R11: =IF(G11="","",ABS(O11-Components!$C$4)/Components!$D$4) -> 69.630059 | S11: =IF(G11="","",ABS(O11-Components!$C$5)/Components!$D$5) -> 180.40907 | T11: =IF(G11="","",ABS(O11-Components!$C$6)/Components!$D$6) -> 41.104916 | U11: =IF(G11="","",ABS(O11-Components!$C$7)/Components!$D$7) -> 53.859755 | V11: =IF(G11="","",IF(M11="OK","NONE",INDEX({"S1","S2","W1","W2","N1","N2"},MATCH(MIN(P11:U11),P11:U11,0)))) -> NONE | W11: =IF(G11="","",IF(V11=E11,1,0)) -> 1
A12: 10 | B12: 1 | C12: R3 | D12: OK | E12: NONE | F12: 9.87 | G12: =0.97+F12 -> 10.84 | I12: =VLOOKUP(C12,Recipes!$A$2:$N$4,10,FALSE()) -> 10.94 | J12: =VLOOKUP(C12,Recipes!$A$2:$N$4,12,FALSE()) -> 0.052703574 | K12: =I12-3.5*J12 -> 10.755537 | L12: =I12+3.5*J12 -> 11.124463 | M12: =IF(G12="","",IF(AND(G12>=K12,G12<=L12),"OK","NG")) -> OK | N12: =IF(M12="","",IF(M12=D12,1,0)) -> 1 | O12: =IF(G12="","",I12-G12) -> 0.1 | P12: =IF(G12="","",ABS(O12-Components!$C$2)/Components!$D$2) -> 401.47605 | Q12: =IF(G12="","",ABS(O12-Components!$C$3)/Components!$D$3) -> 285.28869 | R12: =IF(G12="","",ABS(O12-Components!$C$4)/Components!$D$4) -> 63.90704 | S12: =IF(G12="","",ABS(O12-Components!$C$5)/Components!$D$5) -> 177.23192 | T12: =IF(G12="","",ABS(O12-Components!$C$6)/Components!$D$6) -> 38.209354 | U12: =IF(G12="","",ABS(O12-Components!$C$7)/Components!$D$7) -> 50.678278 | V12: =IF(G12="","",IF(M12="OK","NONE",INDEX({"S1","S2","W1","W2","N1","N2"},MATCH(MIN(P12:U12),P12:U12,0)))) -> NONE | W12: =IF(G12="","",IF(V12=E12,1,0)) -> 1
